<?xml version="1.0" encoding="UTF-8"?><classe xmlns="http://www.receita.fazenda.gov.br/declaracao" classeJava="serpro.ppgd.irpf.DeclaracaoIRPF" dataHoraSalvamento="27/04/2018 11:07:28"><contribuinte bairro="PITUBA" bairroExt="" celular="984596000" cep="41810-425" cepExt="" cidade="" codigoExterior="" complemento="AP 902-A" complementoExt="" conjuge="1" cpfConjuge="103.538.597-02" cpfProcurador="   .   .   -  " dataNascimento="16/07/1976" ddd="27" dddCelular="71" ddi="" deficiente="N" email="NELSONSRJ@HOTMAIL.COM" exterior="0" logradouro="CLARA NUNES" logradouroExt="" municipio="3849" naturezaOcupacao="23" nomePais="" numero="558" numeroExt="" ocupacaoPrincipal="212" pais="105" registroProfissional="" telefone="32995193" telefoneExt="" tipoLogradouro="RUA" tituloEleitor="77402670574" uf="BA"/><dependentes tipoItens="serpro.ppgd.irpf.dependentes.Dependente"><item codigo="21" cpfDependente="   .   .   -  " dataNascimento="17/07/2014" indSaidaPaisMesmaData="2" nome="Igor Faé Simões"/></dependentes><alimentandos tipoItens="serpro.ppgd.irpf.alimentandos.Alimentando"/><conjuge baseCalculoImposto="0,00" carneComImpComplementar="0,00" cpfConjuge="   .   .   -  " decEntregou="" impRetidoFonte="0,00" rendIsentoNaoTributaveis="0,00" rendPJExigibilidadeSuspensa="0,00" rendSujeitosTribExcl="0,00" resultado="0,00"/><rendPJ totalRendRecebPessoaJuridica="0,00"><colecaoRendPJTitular niMaiorFontePagadora="13.579.586/0001-32" tipoItens="serpro.ppgd.irpf.rendpj.RendPJTitular" totaisContribuicaoPrevOficial="7.301,28" totaisDecimoTerceiro="7.341,11" totaisIRRFDecimoTerceiro="1.585,44" totaisImpostoRetidoFonte="20.416,04" totaisRendRecebidoPJ="122.638,50"><item IRRFDecimoTerceiro="1.585,44" NIFontePagadora="13.579.586/0001-32" contribuicaoPrevOficial="7.301,28" dataComunicacaoSaida="  /  /    " decimoTerceiro="7.341,11" impostoRetidoFonte="20.416,04" nomeFontePagadora="CIA DE PROCESSAMENTO DE DADOS" rendRecebidoPJ="122.638,50"/></colecaoRendPJTitular><colecaoRendPJDependente niMaiorFontePagadora="" tipoItens="serpro.ppgd.irpf.rendpj.RendPJTitular" totaisContribuicaoPrevOficial="0,00" totaisDecimoTerceiro="0,00" totaisIRRFDecimoTerceiro="0,00" totaisImpostoRetidoFonte="0,00" totaisRendRecebidoPJ="0,00"/></rendPJ><rendPJComExigibilidade><colecaoRendPJComExigibilidadeTitular tipoItens="serpro.ppgd.irpf.rendpjexigibilidade.RendPJComExigibilidadeTitular" totaisDepositoJudicial="0,00" totaisRendPJExigSuspensa="0,00"/><colecaoRendPJComExigibilidadeDependente tipoItens="serpro.ppgd.irpf.rendpjexigibilidade.RendPJComExigibilidadeTitular" totaisDepositoJudicial="0,00" totaisRendPJExigSuspensa="0,00"/></rendPJComExigibilidade><rendPFTitular NITPISPASEP="" totalAlugueis="0,00" totalDarfPago="0,00" totalDependentes="0,00" totalExterior="0,00" totalImpostoPagoExteriorCompensar="0,00" totalLivroCaixa="0,00" totalOutros="0,00" totalPensao="0,00" totalPessoaFisica="0,00" totalPrevidencia="0,00"><janeiro alugueis="0,00" carneLeao="0,00" darfPago="0,00" dependentes="0,00" exterior="0,00" impostoPagoCompensarExterior="0,00" livroCaixa="0,00" mes="0" outros="0,00" pensao="0,00" pessoaFisica="0,00" previdencia="0,00"/><fevereiro alugueis="0,00" carneLeao="0,00" darfPago="0,00" dependentes="0,00" exterior="0,00" impostoPagoCompensarExterior="0,00" livroCaixa="0,00" mes="1" outros="0,00" pensao="0,00" pessoaFisica="0,00" previdencia="0,00"/><marco alugueis="0,00" carneLeao="0,00" darfPago="0,00" dependentes="0,00" exterior="0,00" impostoPagoCompensarExterior="0,00" livroCaixa="0,00" mes="2" outros="0,00" pensao="0,00" pessoaFisica="0,00" previdencia="0,00"/><abril alugueis="0,00" carneLeao="0,00" darfPago="0,00" dependentes="0,00" exterior="0,00" impostoPagoCompensarExterior="0,00" livroCaixa="0,00" mes="3" outros="0,00" pensao="0,00" pessoaFisica="0,00" previdencia="0,00"/><maio alugueis="0,00" carneLeao="0,00" darfPago="0,00" dependentes="0,00" exterior="0,00" impostoPagoCompensarExterior="0,00" livroCaixa="0,00" mes="4" outros="0,00" pensao="0,00" pessoaFisica="0,00" previdencia="0,00"/><junho alugueis="0,00" carneLeao="0,00" darfPago="0,00" dependentes="0,00" exterior="0,00" impostoPagoCompensarExterior="0,00" livroCaixa="0,00" mes="5" outros="0,00" pensao="0,00" pessoaFisica="0,00" previdencia="0,00"/><julho alugueis="0,00" carneLeao="0,00" darfPago="0,00" dependentes="0,00" exterior="0,00" impostoPagoCompensarExterior="0,00" livroCaixa="0,00" mes="6" outros="0,00" pensao="0,00" pessoaFisica="0,00" previdencia="0,00"/><agosto alugueis="0,00" carneLeao="0,00" darfPago="0,00" dependentes="0,00" exterior="0,00" impostoPagoCompensarExterior="0,00" livroCaixa="0,00" mes="7" outros="0,00" pensao="0,00" pessoaFisica="0,00" previdencia="0,00"/><setembro alugueis="0,00" carneLeao="0,00" darfPago="0,00" dependentes="0,00" exterior="0,00" impostoPagoCompensarExterior="0,00" livroCaixa="0,00" mes="8" outros="0,00" pensao="0,00" pessoaFisica="0,00" previdencia="0,00"/><outubro alugueis="0,00" carneLeao="0,00" darfPago="0,00" dependentes="0,00" exterior="0,00" impostoPagoCompensarExterior="0,00" livroCaixa="0,00" mes="9" outros="0,00" pensao="0,00" pessoaFisica="0,00" previdencia="0,00"/><novembro alugueis="0,00" carneLeao="0,00" darfPago="0,00" dependentes="0,00" exterior="0,00" impostoPagoCompensarExterior="0,00" livroCaixa="0,00" mes="10" outros="0,00" pensao="0,00" pessoaFisica="0,00" previdencia="0,00"/><dezembro alugueis="0,00" carneLeao="0,00" darfPago="0,00" dependentes="0,00" exterior="0,00" impostoPagoCompensarExterior="0,00" livroCaixa="0,00" mes="11" outros="0,00" pensao="0,00" pessoaFisica="0,00" previdencia="0,00"/><contasAno><janeiro nomeMes="1" tipoItens="serpro.ppgd.irpf.rendpf.Conta" totalRendTrabNaoAssPF="0,00"/><fevereiro nomeMes="2" tipoItens="serpro.ppgd.irpf.rendpf.Conta" totalRendTrabNaoAssPF="0,00"/><marco nomeMes="3" tipoItens="serpro.ppgd.irpf.rendpf.Conta" totalRendTrabNaoAssPF="0,00"/><abril nomeMes="4" tipoItens="serpro.ppgd.irpf.rendpf.Conta" totalRendTrabNaoAssPF="0,00"/><maio nomeMes="5" tipoItens="serpro.ppgd.irpf.rendpf.Conta" totalRendTrabNaoAssPF="0,00"/><junho nomeMes="6" tipoItens="serpro.ppgd.irpf.rendpf.Conta" totalRendTrabNaoAssPF="0,00"/><julho nomeMes="7" tipoItens="serpro.ppgd.irpf.rendpf.Conta" totalRendTrabNaoAssPF="0,00"/><agosto nomeMes="8" tipoItens="serpro.ppgd.irpf.rendpf.Conta" totalRendTrabNaoAssPF="0,00"/><setembro nomeMes="9" tipoItens="serpro.ppgd.irpf.rendpf.Conta" totalRendTrabNaoAssPF="0,00"/><outubro nomeMes="10" tipoItens="serpro.ppgd.irpf.rendpf.Conta" totalRendTrabNaoAssPF="0,00"/><novembro nomeMes="11" tipoItens="serpro.ppgd.irpf.rendpf.Conta" totalRendTrabNaoAssPF="0,00"/><dezembro nomeMes="12" tipoItens="serpro.ppgd.irpf.rendpf.Conta" totalRendTrabNaoAssPF="0,00"/></contasAno></rendPFTitular><rendPFDependente tipoItens="serpro.ppgd.irpf.rendpf.ItemRendPFDependente" totalAlugueis="0,00" totalDarfPago="0,00" totalDependentes="0,00" totalExterior="0,00" totalImpostoPagoExteriorCompensar="0,00" totalLivroCaixa="0,00" totalOutros="0,00" totalPensao="0,00" totalPessoaFisica="0,00" totalPrevidencia="0,00"/><rendAcm totalRendRecebAcumuladamente="0,00"><colecaoRendAcmTitular tipoItens="serpro.ppgd.irpf.rendacm.RendAcmTitular" totaisContribuicaoPrevOficial="0,00" totaisContribuicaoPrevOficialAjuste="0,00" totaisContribuicaoPrevOficialExclusiva="0,00" totaisImpostoDevidoRRA="0,00" totaisImpostoRetidoFonte="0,00" totaisImpostoRetidoFonteAjuste="0,00" totaisImpostoRetidoFonteExclusiva="0,00" totaisPensaoAlimenticia="0,00" totaisPensaoAlimenticiaAjuste="0,00" totaisPensaoAlimenticiaExclusiva="0,00" totaisRendRecebidos="0,00" totaisRendRecebidosAjuste="0,00" totaisRendRecebidosExclusiva="0,00"/><colecaoRendAcmDependente tipoItens="serpro.ppgd.irpf.rendacm.RendAcmTitular" totaisContribuicaoPrevOficial="0,00" totaisContribuicaoPrevOficialAjuste="0,00" totaisContribuicaoPrevOficialExclusiva="0,00" totaisImpostoDevidoRRA="0,00" totaisImpostoRetidoFonte="0,00" totaisImpostoRetidoFonteAjuste="0,00" totaisImpostoRetidoFonteExclusiva="0,00" totaisPensaoAlimenticia="0,00" totaisPensaoAlimenticiaAjuste="0,00" totaisPensaoAlimenticiaExclusiva="0,00" totaisRendRecebidos="0,00" totaisRendRecebidosAjuste="0,00" totaisRendRecebidosExclusiva="0,00"/></rendAcm><rendIsentos bensPequenoValorInformado="0,00" bensPequenoValorTransportado="0,00" bolsaEstudos="0,00" capitalApolices="0,00" ganhosCapitalOuro="0,00" ganhosLiquidosAcoes="0,00" impostoRendasAnterioresCompensadoJudicialmente="0,00" incorporacaoReservaCapital="0,00" indenizacoes="0,00" lucroAlienacao="0,00" lucroRecebido="0,00" meacaoDissolucao="0,00" medicosResidentes="0,00" moedaEstrangeiraEspecieInformado="0,00" outros="0,00" outrosBensImoveisGCAPTransportado="0,00" outrosBensImoveisInformado="0,00" outrosBensImoveisMETransportado="0,00" outrosBensImoveisTransportado="0,00" parcIsentaAposentadoria="0,00" parcIsentaAtivRural="0,00" pensao="0,00" poupanca="0,00" recuperacaoPrejuizosBolsaValores="0,00" rendAssalariadosMoedaEstrangeira="0,00" rendSocio="0,00" restituicaoImpostoRendaAnosAnteriores="0,00" somaBensPequenoValor="0,00" somaOutrosBensImoveis="0,00" somaUnicoImovel="0,00" total="0,00" totalInformado="0,00" totalTransportado="0,00" transferencias="0,00" transportadorCargas="0,00" transportadorPassageiros="0,00" unicoImovelInformado="0,00" unicoImovelTransportado="0,00" voluntariosCopa="0,00"><bolsaEstudosQuadroAuxiliar tipoItens="serpro.ppgd.irpf.ItemQuadroTransporteDetalhado" totais="0,00"/><indenizacoesQuadroAuxiliar tipoItens="serpro.ppgd.irpf.ItemQuadroRendimentosNI" totais="0,00"/><lucroRecebidoQuadroAuxiliar tipoItens="serpro.ppgd.irpf.ItemQuadroTransporteDetalhado" totais="0,00"/><parcIsentaAposentadoriaQuadroAuxiliar tipoItens="serpro.ppgd.irpf.ItemQuadroTransporteDetalhado" totais="0,00"/><pensaoQuadroAuxiliar tipoItens="serpro.ppgd.irpf.ItemQuadroPensaoMolestiaGrave" totais="0,00" total13Salario="0,00" totalIRRF13SalarioDependentes="0,00" totalIRRF13SalarioTitular="0,00" totalIRRFDependentes="0,00" totalIRRFTitular="0,00" totalPrevidenciaOficialDependentes="0,00" totalPrevidenciaOficialTitular="0,00" totalRendimento="0,00"/><poupancaQuadroAuxiliar tipoItens="serpro.ppgd.irpf.ItemQuadroTransporteDetalhado" totais="0,00"/><rendSocioQuadroAuxiliar tipoItens="serpro.ppgd.irpf.ItemQuadroTransporteDetalhado" totais="0,00"/><transferenciasQuadroAuxiliar tipoItens="serpro.ppgd.irpf.ItemQuadroTransferenciaPatrimonial" totais="0,00"/><impostoRendasAnterioresCompensadoJudicialmenteQuadroAuxiliar tipoItens="serpro.ppgd.irpf.ItemQuadroRendimentosNI" totais="0,00"/><rendAssalariadoMoedaEstrangeiraQuadroAuxiliar tipoItens="serpro.ppgd.irpf.ItemQuadroTransporteDetalhado" totais="0,00"/><incorporacaoReservaCapitalQuadroAuxiliar tipoItens="serpro.ppgd.irpf.ItemQuadroTransporteDetalhado" totais="0,00"/><medicosResidentesQuadroAuxiliar tipoItens="serpro.ppgd.irpf.ItemQuadroTransporteDetalhado" totais="0,00"/><voluntariosCopaQuadroAuxiliar tipoItens="serpro.ppgd.irpf.ItemQuadroTransporteDetalhado" totais="0,00"/><meacaoDissolucaoQuadroAuxiliar tipoItens="serpro.ppgd.irpf.ItemQuadroMeacaoDissolucao" totais="0,00"/><ganhosLiquidosAcoesQuadroAuxiliar tipoItens="serpro.ppgd.irpf.ItemQuadroGanhosAcoesOuro" totais="0,00"/><ganhosCapitalOuroQuadroAuxiliar tipoItens="serpro.ppgd.irpf.ItemQuadroGanhosAcoesOuro" totais="0,00"/><outrosQuadroAuxiliar tipoItens="serpro.ppgd.irpf.ItemQuadroOutrosRendimentos" totais="0,00"/></rendIsentos><rendTributacaoExclusiva decimoTerceiro="7.341,11" decimoTerceiroDependentes="0,00" ganhosCapital="0,00" ganhosCapitalEmEspecie="0,00" ganhosCapitalEstrangeira="0,00" ganhosRendaVariavel="0,00" jurosCapitalProprio="0,00" outros="0,00" participacaoLucrosResultados="0,00" rendAplicacoes="0,00" rraDependentes="0,00" rraTitular="0,00" total="7.341,11"><rendAplicacoesQuadroAuxiliar tipoItens="serpro.ppgd.irpf.ItemQuadroTransporteDetalhado" totais="0,00"/><outrosQuadroAuxiliar tipoItens="serpro.ppgd.irpf.ItemQuadroOutrosRendimentos" totais="0,00"/><jurosCapitalProprioQuadroAuxiliar tipoItens="serpro.ppgd.irpf.ItemQuadroTransporteDetalhado" totais="0,00"/><participacaoLucrosResultadosQuadroAuxiliar tipoItens="serpro.ppgd.irpf.ItemQuadroTransporteDetalhado" totais="0,00"/></rendTributacaoExclusiva><impostoPago carneLeaoDependentes="0,00" carneLeaoTitular="0,00" impostoComplementar="0,00" impostoDevidoComRendExterior="0,00" impostoDevidoSemRendExterior="0,00" impostoPagoExterior="0,00" impostoRetidoFonte="0,00" impostoRetidoFonteDependentes="0,00" impostoRetidoFonteTitular="20.416,04" limiteImpPagoExterior="0,00"/><herdeiros tipoItens="serpro.ppgd.irpf.herdeiros.Herdeiro"/><pagamentos tipoItens="serpro.ppgd.irpf.pagamentos.Pagamento" totalContribEmpregadoDomestico="0,00" totalContribuicaoFAPI="0,00" totalContribuicaoFunpresp="0,00" totalDeducoesInstrucao="3.561,50" totalDespesasMedicas="10.148,16" totalPensao="0,00" totalPensaoCartoral="0,00" ultimoIndiceGerado="1"><item codigo="26" contribuicaoEntePatrocinador="0,00" cpfAlimentando="   .   .   -  " cpfDependente="   .   .   -  " dependenteOuAlimentando="" indice="0" niBeneficiario="13.323.274/0001-63" nitEmpregadoDomestico="" nomeBeneficiario="PLANSERV" parcelaNaoDedutivel="0,00" tipo="T" valorPago="10.148,16"/><item codigo="01" contribuicaoEntePatrocinador="0,00" cpfAlimentando="   .   .   -  " cpfDependente="   .   .   -  " dependenteOuAlimentando="Igor Faé Simões" indice="" niBeneficiario="05.750.752/0001-93" nitEmpregadoDomestico="" nomeBeneficiario="Creche Escola Sonho da Criança" parcelaNaoDedutivel="0,00" tipo="D" valorPago="17.100,00"/></pagamentos><doacoes tipoItens="serpro.ppgd.irpf.doacoes.Doacao" totalDeducaoIncentivo="0,00" ultimoIndiceGerado=""/><bens tipoItens="serpro.ppgd.irpf.bens.Bem" totalExercicioAnterior="110.000,00" totalExercicioAtual="78.100,00" totalItens="4" ultimoIndiceGerado="3"><item agencia="" areaTotal="0,0" bairro="" cep="" cidade="" codigo="21" complemento="" conta="" dataAquisicao="  /  /    " discriminacao="ONIX BRANCO, 2013, ODT 3417, ADQUIRIDO 0KM DE VESSA VEICULOS ESPIRITO SANTO S.A. (28.053.197/0001-46), POR R$43.090,00 EM 15/03/2013 NF-E N. 92299 SERIE 3. DEPRECIACAO DE 20% APLICADA PARA APURACAO DE VALOR EM 31/12." dvConta="" indice="0" logradouro="" matricula="" municipio="" niEmpresa="" nomeCartorio="" nomeMunicipio="" nomePais="105 - Brasil" numero="" pais="105" registrado="2" registro="" registroBem="" uf="" unidade="2" valorExercicioAnterior="21.000,00" valorExercicioAtual="21.000,00"><participacoesInventario tipoItens="serpro.ppgd.irpf.bens.ItemPercentualParticipacaoInventario" totalPercentual="0,00"/></item><item agencia="" areaTotal="0,0" bairro="" cep="" cidade="" codigo="72" complemento="" conta="" dataAquisicao="  /  /    " discriminacao="TITULOS DO TESOURO" dvConta="" indice="1" logradouro="" matricula="" municipio="" niEmpresa="" nomeCartorio="" nomeMunicipio="" nomePais="105 - Brasil" numero="" pais="105" registrado="2" registro="" registroBem="" uf="" unidade="2" valorExercicioAnterior="9.000,00" valorExercicioAtual="9.000,00"><participacoesInventario tipoItens="serpro.ppgd.irpf.bens.ItemPercentualParticipacaoInventario" totalPercentual="0,00"/></item><item agencia="" areaTotal="0,0" bairro="" cep="" cidade="" codigo="71" complemento="" conta="" dataAquisicao="  /  /    " discriminacao="FUNDOS DE RENDA FIXA, CONTRATADOS NO BANCO" dvConta="" indice="2" logradouro="" matricula="" municipio="" niEmpresa="" nomeCartorio="" nomeMunicipio="" nomePais="105 - Brasil" numero="" pais="105" registrado="2" registro="" registroBem="" uf="" unidade="2" valorExercicioAnterior="70.000,00" valorExercicioAtual="38.100,00"><participacoesInventario tipoItens="serpro.ppgd.irpf.bens.ItemPercentualParticipacaoInventario" totalPercentual="0,00"/></item><item agencia="" areaTotal="0,0" bairro="" cep="" cidade="" codigo="21" complemento="" conta="" dataAquisicao="  /  /    " discriminacao="MOTO YAMAHA XT250 TENERE, PLACA FNE5299, ADIQUIRIDA 0KM" dvConta="" indice="3" logradouro="" matricula="" municipio="" niEmpresa="" nomeCartorio="" nomeMunicipio="" nomePais="105 - Brasil" numero="" pais="105" registrado="2" registro="" registroBem="" uf="" unidade="2" valorExercicioAnterior="10.000,00" valorExercicioAtual="10.000,00"><participacoesInventario tipoItens="serpro.ppgd.irpf.bens.ItemPercentualParticipacaoInventario" totalPercentual="0,00"/></item></bens><dividas tipoItens="serpro.ppgd.irpf.dividas.Divida" totalExercicioAnterior="0,00" totalExercicioAtual="0,00" totalPgtoAnual="0,00" ultimoIndiceGerado=""/><espolio anoObito="" comarca="" conjugeMeeiro="0" cpfInventariante="   .   .   -  " dtDecisaoJud="  /  /    " dtTransito="  /  /    " endInventariante="" idVaraCivil="" inventarioConjunto="0" morteAmbosConjuges="0" nomeConjugeCompanheiro="" nomeInventariante="" numProcessoJudicial="" tipoJudicial="1" uf=""><escrituracaoPublica cnpjCartorio="" dataLavratura="  /  /    " folhas="" livro="" municipio="" nome="" uf=""/></espolio><resumo><outrasInformacoes bensDireitosExercicioAnterior="110.000,00" bensDireitosExercicioAtual="78.100,00" depositosJudiciais="0,00" dividasOnusReaisExercicioAnterior="0,00" dividasOnusReaisExercicioAtual="0,00" impostoDevidoGCAP="0,00" impostoDevidoGCME="0,00" impostoDevidoRendaVariavel="0,00" impostoDiferidoGCAP="0,00" impostoPagoGCAP="0,00" impostoPagoME="0,00" impostoPagoSobreRendaVariavel="0,00" informacoesConjuge="0,00" rendIsentosNaoTributaveis="0,00" rendIsentosTributacaoExclusiva="7.341,11" rendTributaveisExigibilidadeSuspensa="0,00" totalDoacoesCampanhasEleitorais="0,00" totalImpostoRetidoNaFonte="0,00"/><calculoImposto agencia="7074" aliquotaEfetiva="13,77" banco="341" baseCalculo="99.352,48" carneLeaoDependentes="0,00" carneLeaoTitular="0,00" contaCredito="02340" deducaoIncentivo="0,00" descontoSimplificado="16.754,34" dvAgencia="" dvContaCredito="4" imposto="16.889,61" impostoComplementar="0,00" impostoDevido="16.889,61" impostoDevidoI="16.889,61" impostoDevidoII="16.889,61" impostoDevidoRRA="0,00" impostoEspecie="0,00" impostoPagoExterior="0,00" impostoRestituir="3.526,43" impostoRetidoFonteDependentes="0,00" impostoRetidoFonteLei11033="0,00" impostoRetidoFonteTitular="20.416,04" impostoRetidoRRA="0,00" rendAcmDependentes="0,00" rendAcmTitular="0,00" rendPFEXTRecebidoDependentes="0,00" rendPFEXTRecebidoTitular="0,00" rendPJRecebidoDependentes="0,00" rendPJRecebidoTitular="122.638,50" resultadoTributavelAR="0,00" saldoImpostoPagar="0,00" totalContribEmpregadoDomestico="0,00" totalImpostoPago="20.416,04" totalResultadosTributaveis="122.638,50"><parcelamento debitoAutomatico="" indicadorPrimeiraQuota="" numQuotas="0" valorQuota="0,00"/><identificadorDec cpf="888.054.255-91" dataUltimoAcesso="27/04/2018 11:11:00" declaracaoRetificadora="0" enderecoDiferente="0" exercicio="2018" inNovaDeclaracao="0" inUtilizouAPP="0" inUtilizouAssistidaFontePagadora="0" inUtilizouAssistidaPlanoSaude="0" inUtilizouOnLine="0" inUtilizouPGD="1" inUtilizouRascunho="0" inUtilizouSalvarRecuperarOnLine="0" nome="NELSON SIMOES RIBEIRO JUNIOR" numReciboDecRetif="" numeroReciboDecAnterior="382275371033" prepreenchida="0" resultadoDeclaracao="IAR" tipoDeclaracao="0" tipoDeclaracaoAES="A" tpIniciada="1" transmitida="0" versaoBeta="N"/></calculoImposto><rendimentosTributaveisDeducoes dependentes="2.275,08" despesasInstrucao="3.561,50" despesasMedicas="10.148,16" livroCaixa="0,00" pensaoAlimenticia="0,00" pensaoAlimenticiaRRA="0,00" pensaoCartoral="0,00" previdenciaFAPI="0,00" previdenciaOficial="7.301,28" previdenciaOficialRRA="0,00" rendRecebidoAcmDependentes="0,00" rendRecebidoAcmTitular="0,00" rendRecebidoPFEXTDependentes="0,00" rendRecebidoPFEXTTitular="0,00" rendRecebidoPJDependentes="0,00" rendRecebidoPJTitular="122.638,50" rendTributavelAR="0,00" totalDeducoes="23.286,02" totalRendimentos="122.638,50"/><identificadorDeclaracao cpf="888.054.255-91" dataUltimoAcesso="27/04/2018 11:11:00" declaracaoRetificadora="0" enderecoDiferente="0" exercicio="2018" inNovaDeclaracao="0" inUtilizouAPP="0" inUtilizouAssistidaFontePagadora="0" inUtilizouAssistidaPlanoSaude="0" inUtilizouOnLine="0" inUtilizouPGD="1" inUtilizouRascunho="0" inUtilizouSalvarRecuperarOnLine="0" nome="NELSON SIMOES RIBEIRO JUNIOR" numReciboDecRetif="" numeroReciboDecAnterior="382275371033" prepreenchida="0" resultadoDeclaracao="IAR" tipoDeclaracao="0" tipoDeclaracaoAES="A" tpIniciada="1" transmitida="0" versaoBeta="N"/></resumo><colecaoEstatutoCriancaAdolescente tipoItens="serpro.ppgd.irpf.eca.EstatutoCriancaAdolescente" totalDeducaoIncentivoBruto="0,00" totalDeducaoIncentivoLiquido="0,00"/><comparativo baseCalcCompleta="99.352,48" baseCalcSimplificada="105.884,16" impRestituirCompleta="3.526,43" impRestituirSimplificada="1.730,22" saldoPagarCompleta="0,00" saldoPagarSimplificada="0,00" totalRendTribCompleta="122.638,50" totalRendTribSimplificada="122.638,50"/><doacoesEleitorais tipoItens="serpro.ppgd.irpf.eleicoes.DoacaoEleitoral" totalDoacoes="0,00"/><saida cpfProcurador="   .   .   -  " dtCondicaoNaoResidente="  /  /    " dtCondicaoResidente="  /  /    " endProcurador="" nomeProcurador=""/><rendaVariavel totalBaseCalculo="0,00" totalIRFonteDayTrade="0,00" totalImpostoAPagar="0,00" totalImpostoPago="0,00" totalImpostoRetidoFonteLei11033="0,00"><janeiro impostoApagar="0,00" impostoPago="0,00" impostoRetidoFonteLei11033="0,00" impostoRetidoFonteLei11033MesesAnteriores="0,00" impostoRetidoFonteLei11033MesesCompensar="0,00" irFonteDayTradeAcompensar="0,00" irFonteDayTradeMesAtual="0,00" irFonteDayTradeMesesAnteriores="0,00" totalImpostoDevido="0,00"><operacoesComuns aliquotaDoImposto="15%" baseCalculoImposto="0,00" impostoDevido="0,00" mercadoFuturoDolar="0,00" mercadoFuturoIndices="0,00" mercadoFuturoJuros="0,00" mercadoFuturoOutros="0,00" mercadoOpcoesAcoes="0,00" mercadoOpcoesForaDeBolsa="0,00" mercadoOpcoesOuro="0,00" mercadoOpcoesOutros="0,00" mercadoTermoAcoes="0,00" mercadoTermoOutros="0,00" mercadoVistaAcoes="0,00" mercadoVistaForaBolsa="0,00" mercadoVistaOuro="0,00" prejuizoCompensar="0,00" resultadoLiquidoMes="0,00" resultadoNegativoMesAnterior="0,00"/><operacoesDayTrade aliquotaDoImposto="20%" baseCalculoImposto="0,00" impostoDevido="0,00" mercadoFuturoDolar="0,00" mercadoFuturoIndices="0,00" mercadoFuturoJuros="0,00" mercadoFuturoOutros="0,00" mercadoOpcoesAcoes="0,00" mercadoOpcoesForaDeBolsa="0,00" mercadoOpcoesOuro="0,00" mercadoOpcoesOutros="0,00" mercadoTermoAcoes="0,00" mercadoTermoOutros="0,00" mercadoVistaAcoes="0,00" mercadoVistaForaBolsa="0,00" mercadoVistaOuro="0,00" prejuizoCompensar="0,00" resultadoLiquidoMes="0,00" resultadoNegativoMesAnterior="0,00"/></janeiro><fevereiro impostoApagar="0,00" impostoPago="0,00" impostoRetidoFonteLei11033="0,00" impostoRetidoFonteLei11033MesesAnteriores="0,00" impostoRetidoFonteLei11033MesesCompensar="0,00" irFonteDayTradeAcompensar="0,00" irFonteDayTradeMesAtual="0,00" irFonteDayTradeMesesAnteriores="0,00" totalImpostoDevido="0,00"><operacoesComuns aliquotaDoImposto="15%" baseCalculoImposto="0,00" impostoDevido="0,00" mercadoFuturoDolar="0,00" mercadoFuturoIndices="0,00" mercadoFuturoJuros="0,00" mercadoFuturoOutros="0,00" mercadoOpcoesAcoes="0,00" mercadoOpcoesForaDeBolsa="0,00" mercadoOpcoesOuro="0,00" mercadoOpcoesOutros="0,00" mercadoTermoAcoes="0,00" mercadoTermoOutros="0,00" mercadoVistaAcoes="0,00" mercadoVistaForaBolsa="0,00" mercadoVistaOuro="0,00" prejuizoCompensar="0,00" resultadoLiquidoMes="0,00" resultadoNegativoMesAnterior="0,00"/><operacoesDayTrade aliquotaDoImposto="20%" baseCalculoImposto="0,00" impostoDevido="0,00" mercadoFuturoDolar="0,00" mercadoFuturoIndices="0,00" mercadoFuturoJuros="0,00" mercadoFuturoOutros="0,00" mercadoOpcoesAcoes="0,00" mercadoOpcoesForaDeBolsa="0,00" mercadoOpcoesOuro="0,00" mercadoOpcoesOutros="0,00" mercadoTermoAcoes="0,00" mercadoTermoOutros="0,00" mercadoVistaAcoes="0,00" mercadoVistaForaBolsa="0,00" mercadoVistaOuro="0,00" prejuizoCompensar="0,00" resultadoLiquidoMes="0,00" resultadoNegativoMesAnterior="0,00"/></fevereiro><marco impostoApagar="0,00" impostoPago="0,00" impostoRetidoFonteLei11033="0,00" impostoRetidoFonteLei11033MesesAnteriores="0,00" impostoRetidoFonteLei11033MesesCompensar="0,00" irFonteDayTradeAcompensar="0,00" irFonteDayTradeMesAtual="0,00" irFonteDayTradeMesesAnteriores="0,00" totalImpostoDevido="0,00"><operacoesComuns aliquotaDoImposto="15%" baseCalculoImposto="0,00" impostoDevido="0,00" mercadoFuturoDolar="0,00" mercadoFuturoIndices="0,00" mercadoFuturoJuros="0,00" mercadoFuturoOutros="0,00" mercadoOpcoesAcoes="0,00" mercadoOpcoesForaDeBolsa="0,00" mercadoOpcoesOuro="0,00" mercadoOpcoesOutros="0,00" mercadoTermoAcoes="0,00" mercadoTermoOutros="0,00" mercadoVistaAcoes="0,00" mercadoVistaForaBolsa="0,00" mercadoVistaOuro="0,00" prejuizoCompensar="0,00" resultadoLiquidoMes="0,00" resultadoNegativoMesAnterior="0,00"/><operacoesDayTrade aliquotaDoImposto="20%" baseCalculoImposto="0,00" impostoDevido="0,00" mercadoFuturoDolar="0,00" mercadoFuturoIndices="0,00" mercadoFuturoJuros="0,00" mercadoFuturoOutros="0,00" mercadoOpcoesAcoes="0,00" mercadoOpcoesForaDeBolsa="0,00" mercadoOpcoesOuro="0,00" mercadoOpcoesOutros="0,00" mercadoTermoAcoes="0,00" mercadoTermoOutros="0,00" mercadoVistaAcoes="0,00" mercadoVistaForaBolsa="0,00" mercadoVistaOuro="0,00" prejuizoCompensar="0,00" resultadoLiquidoMes="0,00" resultadoNegativoMesAnterior="0,00"/></marco><abril impostoApagar="0,00" impostoPago="0,00" impostoRetidoFonteLei11033="0,00" impostoRetidoFonteLei11033MesesAnteriores="0,00" impostoRetidoFonteLei11033MesesCompensar="0,00" irFonteDayTradeAcompensar="0,00" irFonteDayTradeMesAtual="0,00" irFonteDayTradeMesesAnteriores="0,00" totalImpostoDevido="0,00"><operacoesComuns aliquotaDoImposto="15%" baseCalculoImposto="0,00" impostoDevido="0,00" mercadoFuturoDolar="0,00" mercadoFuturoIndices="0,00" mercadoFuturoJuros="0,00" mercadoFuturoOutros="0,00" mercadoOpcoesAcoes="0,00" mercadoOpcoesForaDeBolsa="0,00" mercadoOpcoesOuro="0,00" mercadoOpcoesOutros="0,00" mercadoTermoAcoes="0,00" mercadoTermoOutros="0,00" mercadoVistaAcoes="0,00" mercadoVistaForaBolsa="0,00" mercadoVistaOuro="0,00" prejuizoCompensar="0,00" resultadoLiquidoMes="0,00" resultadoNegativoMesAnterior="0,00"/><operacoesDayTrade aliquotaDoImposto="20%" baseCalculoImposto="0,00" impostoDevido="0,00" mercadoFuturoDolar="0,00" mercadoFuturoIndices="0,00" mercadoFuturoJuros="0,00" mercadoFuturoOutros="0,00" mercadoOpcoesAcoes="0,00" mercadoOpcoesForaDeBolsa="0,00" mercadoOpcoesOuro="0,00" mercadoOpcoesOutros="0,00" mercadoTermoAcoes="0,00" mercadoTermoOutros="0,00" mercadoVistaAcoes="0,00" mercadoVistaForaBolsa="0,00" mercadoVistaOuro="0,00" prejuizoCompensar="0,00" resultadoLiquidoMes="0,00" resultadoNegativoMesAnterior="0,00"/></abril><maio impostoApagar="0,00" impostoPago="0,00" impostoRetidoFonteLei11033="0,00" impostoRetidoFonteLei11033MesesAnteriores="0,00" impostoRetidoFonteLei11033MesesCompensar="0,00" irFonteDayTradeAcompensar="0,00" irFonteDayTradeMesAtual="0,00" irFonteDayTradeMesesAnteriores="0,00" totalImpostoDevido="0,00"><operacoesComuns aliquotaDoImposto="15%" baseCalculoImposto="0,00" impostoDevido="0,00" mercadoFuturoDolar="0,00" mercadoFuturoIndices="0,00" mercadoFuturoJuros="0,00" mercadoFuturoOutros="0,00" mercadoOpcoesAcoes="0,00" mercadoOpcoesForaDeBolsa="0,00" mercadoOpcoesOuro="0,00" mercadoOpcoesOutros="0,00" mercadoTermoAcoes="0,00" mercadoTermoOutros="0,00" mercadoVistaAcoes="0,00" mercadoVistaForaBolsa="0,00" mercadoVistaOuro="0,00" prejuizoCompensar="0,00" resultadoLiquidoMes="0,00" resultadoNegativoMesAnterior="0,00"/><operacoesDayTrade aliquotaDoImposto="20%" baseCalculoImposto="0,00" impostoDevido="0,00" mercadoFuturoDolar="0,00" mercadoFuturoIndices="0,00" mercadoFuturoJuros="0,00" mercadoFuturoOutros="0,00" mercadoOpcoesAcoes="0,00" mercadoOpcoesForaDeBolsa="0,00" mercadoOpcoesOuro="0,00" mercadoOpcoesOutros="0,00" mercadoTermoAcoes="0,00" mercadoTermoOutros="0,00" mercadoVistaAcoes="0,00" mercadoVistaForaBolsa="0,00" mercadoVistaOuro="0,00" prejuizoCompensar="0,00" resultadoLiquidoMes="0,00" resultadoNegativoMesAnterior="0,00"/></maio><junho impostoApagar="0,00" impostoPago="0,00" impostoRetidoFonteLei11033="0,00" impostoRetidoFonteLei11033MesesAnteriores="0,00" impostoRetidoFonteLei11033MesesCompensar="0,00" irFonteDayTradeAcompensar="0,00" irFonteDayTradeMesAtual="0,00" irFonteDayTradeMesesAnteriores="0,00" totalImpostoDevido="0,00"><operacoesComuns aliquotaDoImposto="15%" baseCalculoImposto="0,00" impostoDevido="0,00" mercadoFuturoDolar="0,00" mercadoFuturoIndices="0,00" mercadoFuturoJuros="0,00" mercadoFuturoOutros="0,00" mercadoOpcoesAcoes="0,00" mercadoOpcoesForaDeBolsa="0,00" mercadoOpcoesOuro="0,00" mercadoOpcoesOutros="0,00" mercadoTermoAcoes="0,00" mercadoTermoOutros="0,00" mercadoVistaAcoes="0,00" mercadoVistaForaBolsa="0,00" mercadoVistaOuro="0,00" prejuizoCompensar="0,00" resultadoLiquidoMes="0,00" resultadoNegativoMesAnterior="0,00"/><operacoesDayTrade aliquotaDoImposto="20%" baseCalculoImposto="0,00" impostoDevido="0,00" mercadoFuturoDolar="0,00" mercadoFuturoIndices="0,00" mercadoFuturoJuros="0,00" mercadoFuturoOutros="0,00" mercadoOpcoesAcoes="0,00" mercadoOpcoesForaDeBolsa="0,00" mercadoOpcoesOuro="0,00" mercadoOpcoesOutros="0,00" mercadoTermoAcoes="0,00" mercadoTermoOutros="0,00" mercadoVistaAcoes="0,00" mercadoVistaForaBolsa="0,00" mercadoVistaOuro="0,00" prejuizoCompensar="0,00" resultadoLiquidoMes="0,00" resultadoNegativoMesAnterior="0,00"/></junho><julho impostoApagar="0,00" impostoPago="0,00" impostoRetidoFonteLei11033="0,00" impostoRetidoFonteLei11033MesesAnteriores="0,00" impostoRetidoFonteLei11033MesesCompensar="0,00" irFonteDayTradeAcompensar="0,00" irFonteDayTradeMesAtual="0,00" irFonteDayTradeMesesAnteriores="0,00" totalImpostoDevido="0,00"><operacoesComuns aliquotaDoImposto="15%" baseCalculoImposto="0,00" impostoDevido="0,00" mercadoFuturoDolar="0,00" mercadoFuturoIndices="0,00" mercadoFuturoJuros="0,00" mercadoFuturoOutros="0,00" mercadoOpcoesAcoes="0,00" mercadoOpcoesForaDeBolsa="0,00" mercadoOpcoesOuro="0,00" mercadoOpcoesOutros="0,00" mercadoTermoAcoes="0,00" mercadoTermoOutros="0,00" mercadoVistaAcoes="0,00" mercadoVistaForaBolsa="0,00" mercadoVistaOuro="0,00" prejuizoCompensar="0,00" resultadoLiquidoMes="0,00" resultadoNegativoMesAnterior="0,00"/><operacoesDayTrade aliquotaDoImposto="20%" baseCalculoImposto="0,00" impostoDevido="0,00" mercadoFuturoDolar="0,00" mercadoFuturoIndices="0,00" mercadoFuturoJuros="0,00" mercadoFuturoOutros="0,00" mercadoOpcoesAcoes="0,00" mercadoOpcoesForaDeBolsa="0,00" mercadoOpcoesOuro="0,00" mercadoOpcoesOutros="0,00" mercadoTermoAcoes="0,00" mercadoTermoOutros="0,00" mercadoVistaAcoes="0,00" mercadoVistaForaBolsa="0,00" mercadoVistaOuro="0,00" prejuizoCompensar="0,00" resultadoLiquidoMes="0,00" resultadoNegativoMesAnterior="0,00"/></julho><agosto impostoApagar="0,00" impostoPago="0,00" impostoRetidoFonteLei11033="0,00" impostoRetidoFonteLei11033MesesAnteriores="0,00" impostoRetidoFonteLei11033MesesCompensar="0,00" irFonteDayTradeAcompensar="0,00" irFonteDayTradeMesAtual="0,00" irFonteDayTradeMesesAnteriores="0,00" totalImpostoDevido="0,00"><operacoesComuns aliquotaDoImposto="15%" baseCalculoImposto="0,00" impostoDevido="0,00" mercadoFuturoDolar="0,00" mercadoFuturoIndices="0,00" mercadoFuturoJuros="0,00" mercadoFuturoOutros="0,00" mercadoOpcoesAcoes="0,00" mercadoOpcoesForaDeBolsa="0,00" mercadoOpcoesOuro="0,00" mercadoOpcoesOutros="0,00" mercadoTermoAcoes="0,00" mercadoTermoOutros="0,00" mercadoVistaAcoes="0,00" mercadoVistaForaBolsa="0,00" mercadoVistaOuro="0,00" prejuizoCompensar="0,00" resultadoLiquidoMes="0,00" resultadoNegativoMesAnterior="0,00"/><operacoesDayTrade aliquotaDoImposto="20%" baseCalculoImposto="0,00" impostoDevido="0,00" mercadoFuturoDolar="0,00" mercadoFuturoIndices="0,00" mercadoFuturoJuros="0,00" mercadoFuturoOutros="0,00" mercadoOpcoesAcoes="0,00" mercadoOpcoesForaDeBolsa="0,00" mercadoOpcoesOuro="0,00" mercadoOpcoesOutros="0,00" mercadoTermoAcoes="0,00" mercadoTermoOutros="0,00" mercadoVistaAcoes="0,00" mercadoVistaForaBolsa="0,00" mercadoVistaOuro="0,00" prejuizoCompensar="0,00" resultadoLiquidoMes="0,00" resultadoNegativoMesAnterior="0,00"/></agosto><setembro impostoApagar="0,00" impostoPago="0,00" impostoRetidoFonteLei11033="0,00" impostoRetidoFonteLei11033MesesAnteriores="0,00" impostoRetidoFonteLei11033MesesCompensar="0,00" irFonteDayTradeAcompensar="0,00" irFonteDayTradeMesAtual="0,00" irFonteDayTradeMesesAnteriores="0,00" totalImpostoDevido="0,00"><operacoesComuns aliquotaDoImposto="15%" baseCalculoImposto="0,00" impostoDevido="0,00" mercadoFuturoDolar="0,00" mercadoFuturoIndices="0,00" mercadoFuturoJuros="0,00" mercadoFuturoOutros="0,00" mercadoOpcoesAcoes="0,00" mercadoOpcoesForaDeBolsa="0,00" mercadoOpcoesOuro="0,00" mercadoOpcoesOutros="0,00" mercadoTermoAcoes="0,00" mercadoTermoOutros="0,00" mercadoVistaAcoes="0,00" mercadoVistaForaBolsa="0,00" mercadoVistaOuro="0,00" prejuizoCompensar="0,00" resultadoLiquidoMes="0,00" resultadoNegativoMesAnterior="0,00"/><operacoesDayTrade aliquotaDoImposto="20%" baseCalculoImposto="0,00" impostoDevido="0,00" mercadoFuturoDolar="0,00" mercadoFuturoIndices="0,00" mercadoFuturoJuros="0,00" mercadoFuturoOutros="0,00" mercadoOpcoesAcoes="0,00" mercadoOpcoesForaDeBolsa="0,00" mercadoOpcoesOuro="0,00" mercadoOpcoesOutros="0,00" mercadoTermoAcoes="0,00" mercadoTermoOutros="0,00" mercadoVistaAcoes="0,00" mercadoVistaForaBolsa="0,00" mercadoVistaOuro="0,00" prejuizoCompensar="0,00" resultadoLiquidoMes="0,00" resultadoNegativoMesAnterior="0,00"/></setembro><outubro impostoApagar="0,00" impostoPago="0,00" impostoRetidoFonteLei11033="0,00" impostoRetidoFonteLei11033MesesAnteriores="0,00" impostoRetidoFonteLei11033MesesCompensar="0,00" irFonteDayTradeAcompensar="0,00" irFonteDayTradeMesAtual="0,00" irFonteDayTradeMesesAnteriores="0,00" totalImpostoDevido="0,00"><operacoesComuns aliquotaDoImposto="15%" baseCalculoImposto="0,00" impostoDevido="0,00" mercadoFuturoDolar="0,00" mercadoFuturoIndices="0,00" mercadoFuturoJuros="0,00" mercadoFuturoOutros="0,00" mercadoOpcoesAcoes="0,00" mercadoOpcoesForaDeBolsa="0,00" mercadoOpcoesOuro="0,00" mercadoOpcoesOutros="0,00" mercadoTermoAcoes="0,00" mercadoTermoOutros="0,00" mercadoVistaAcoes="0,00" mercadoVistaForaBolsa="0,00" mercadoVistaOuro="0,00" prejuizoCompensar="0,00" resultadoLiquidoMes="0,00" resultadoNegativoMesAnterior="0,00"/><operacoesDayTrade aliquotaDoImposto="20%" baseCalculoImposto="0,00" impostoDevido="0,00" mercadoFuturoDolar="0,00" mercadoFuturoIndices="0,00" mercadoFuturoJuros="0,00" mercadoFuturoOutros="0,00" mercadoOpcoesAcoes="0,00" mercadoOpcoesForaDeBolsa="0,00" mercadoOpcoesOuro="0,00" mercadoOpcoesOutros="0,00" mercadoTermoAcoes="0,00" mercadoTermoOutros="0,00" mercadoVistaAcoes="0,00" mercadoVistaForaBolsa="0,00" mercadoVistaOuro="0,00" prejuizoCompensar="0,00" resultadoLiquidoMes="0,00" resultadoNegativoMesAnterior="0,00"/></outubro><novembro impostoApagar="0,00" impostoPago="0,00" impostoRetidoFonteLei11033="0,00" impostoRetidoFonteLei11033MesesAnteriores="0,00" impostoRetidoFonteLei11033MesesCompensar="0,00" irFonteDayTradeAcompensar="0,00" irFonteDayTradeMesAtual="0,00" irFonteDayTradeMesesAnteriores="0,00" totalImpostoDevido="0,00"><operacoesComuns aliquotaDoImposto="15%" baseCalculoImposto="0,00" impostoDevido="0,00" mercadoFuturoDolar="0,00" mercadoFuturoIndices="0,00" mercadoFuturoJuros="0,00" mercadoFuturoOutros="0,00" mercadoOpcoesAcoes="0,00" mercadoOpcoesForaDeBolsa="0,00" mercadoOpcoesOuro="0,00" mercadoOpcoesOutros="0,00" mercadoTermoAcoes="0,00" mercadoTermoOutros="0,00" mercadoVistaAcoes="0,00" mercadoVistaForaBolsa="0,00" mercadoVistaOuro="0,00" prejuizoCompensar="0,00" resultadoLiquidoMes="0,00" resultadoNegativoMesAnterior="0,00"/><operacoesDayTrade aliquotaDoImposto="20%" baseCalculoImposto="0,00" impostoDevido="0,00" mercadoFuturoDolar="0,00" mercadoFuturoIndices="0,00" mercadoFuturoJuros="0,00" mercadoFuturoOutros="0,00" mercadoOpcoesAcoes="0,00" mercadoOpcoesForaDeBolsa="0,00" mercadoOpcoesOuro="0,00" mercadoOpcoesOutros="0,00" mercadoTermoAcoes="0,00" mercadoTermoOutros="0,00" mercadoVistaAcoes="0,00" mercadoVistaForaBolsa="0,00" mercadoVistaOuro="0,00" prejuizoCompensar="0,00" resultadoLiquidoMes="0,00" resultadoNegativoMesAnterior="0,00"/></novembro><dezembro impostoApagar="0,00" impostoPago="0,00" impostoRetidoFonteLei11033="0,00" impostoRetidoFonteLei11033MesesAnteriores="0,00" impostoRetidoFonteLei11033MesesCompensar="0,00" irFonteDayTradeAcompensar="0,00" irFonteDayTradeMesAtual="0,00" irFonteDayTradeMesesAnteriores="0,00" totalImpostoDevido="0,00"><operacoesComuns aliquotaDoImposto="15%" baseCalculoImposto="0,00" impostoDevido="0,00" mercadoFuturoDolar="0,00" mercadoFuturoIndices="0,00" mercadoFuturoJuros="0,00" mercadoFuturoOutros="0,00" mercadoOpcoesAcoes="0,00" mercadoOpcoesForaDeBolsa="0,00" mercadoOpcoesOuro="0,00" mercadoOpcoesOutros="0,00" mercadoTermoAcoes="0,00" mercadoTermoOutros="0,00" mercadoVistaAcoes="0,00" mercadoVistaForaBolsa="0,00" mercadoVistaOuro="0,00" prejuizoCompensar="0,00" resultadoLiquidoMes="0,00" resultadoNegativoMesAnterior="0,00"/><operacoesDayTrade aliquotaDoImposto="20%" baseCalculoImposto="0,00" impostoDevido="0,00" mercadoFuturoDolar="0,00" mercadoFuturoIndices="0,00" mercadoFuturoJuros="0,00" mercadoFuturoOutros="0,00" mercadoOpcoesAcoes="0,00" mercadoOpcoesForaDeBolsa="0,00" mercadoOpcoesOuro="0,00" mercadoOpcoesOutros="0,00" mercadoTermoAcoes="0,00" mercadoTermoOutros="0,00" mercadoVistaAcoes="0,00" mercadoVistaForaBolsa="0,00" mercadoVistaOuro="0,00" prejuizoCompensar="0,00" resultadoLiquidoMes="0,00" resultadoNegativoMesAnterior="0,00"/></dezembro></rendaVariavel><rendaVariavelDependente tipoItens="serpro.ppgd.irpf.rendavariavel.ItemRendaVariavelDependente" totalBaseCalculo="0,00" totalIRFonteDayTrade="0,00" totalImpostoAPagar="0,00" totalImpostoPago="0,00" totalImpostoRetidoFonteLei11033="0,00"/><fundosInvestimentos totalBaseCalcImposto="0,00" totalImpostoDevido="0,00" totalImpostoPago="0,00" totalImpostoRetidoFonteLei11033="0,00"><jan aliquotaImposto="20,00" baseCalcImposto="0,00" impostoAPagar="0,00" impostoDevido="0,00" impostoPago="0,00" impostoRetidoCompensar="0,00" impostoRetidoFonte="0,00" impostoRetidoMesesAnteriores="0,00" prejuizoCompensar="0,00" resultLiquidoMes="0,00" resultNegativoAnterior="0,00"/><fev aliquotaImposto="20,00" baseCalcImposto="0,00" impostoAPagar="0,00" impostoDevido="0,00" impostoPago="0,00" impostoRetidoCompensar="0,00" impostoRetidoFonte="0,00" impostoRetidoMesesAnteriores="0,00" prejuizoCompensar="0,00" resultLiquidoMes="0,00" resultNegativoAnterior="0,00"/><mar aliquotaImposto="20,00" baseCalcImposto="0,00" impostoAPagar="0,00" impostoDevido="0,00" impostoPago="0,00" impostoRetidoCompensar="0,00" impostoRetidoFonte="0,00" impostoRetidoMesesAnteriores="0,00" prejuizoCompensar="0,00" resultLiquidoMes="0,00" resultNegativoAnterior="0,00"/><abr aliquotaImposto="20,00" baseCalcImposto="0,00" impostoAPagar="0,00" impostoDevido="0,00" impostoPago="0,00" impostoRetidoCompensar="0,00" impostoRetidoFonte="0,00" impostoRetidoMesesAnteriores="0,00" prejuizoCompensar="0,00" resultLiquidoMes="0,00" resultNegativoAnterior="0,00"/><mai aliquotaImposto="20,00" baseCalcImposto="0,00" impostoAPagar="0,00" impostoDevido="0,00" impostoPago="0,00" impostoRetidoCompensar="0,00" impostoRetidoFonte="0,00" impostoRetidoMesesAnteriores="0,00" prejuizoCompensar="0,00" resultLiquidoMes="0,00" resultNegativoAnterior="0,00"/><jun aliquotaImposto="20,00" baseCalcImposto="0,00" impostoAPagar="0,00" impostoDevido="0,00" impostoPago="0,00" impostoRetidoCompensar="0,00" impostoRetidoFonte="0,00" impostoRetidoMesesAnteriores="0,00" prejuizoCompensar="0,00" resultLiquidoMes="0,00" resultNegativoAnterior="0,00"/><jul aliquotaImposto="20,00" baseCalcImposto="0,00" impostoAPagar="0,00" impostoDevido="0,00" impostoPago="0,00" impostoRetidoCompensar="0,00" impostoRetidoFonte="0,00" impostoRetidoMesesAnteriores="0,00" prejuizoCompensar="0,00" resultLiquidoMes="0,00" resultNegativoAnterior="0,00"/><ago aliquotaImposto="20,00" baseCalcImposto="0,00" impostoAPagar="0,00" impostoDevido="0,00" impostoPago="0,00" impostoRetidoCompensar="0,00" impostoRetidoFonte="0,00" impostoRetidoMesesAnteriores="0,00" prejuizoCompensar="0,00" resultLiquidoMes="0,00" resultNegativoAnterior="0,00"/><set aliquotaImposto="20,00" baseCalcImposto="0,00" impostoAPagar="0,00" impostoDevido="0,00" impostoPago="0,00" impostoRetidoCompensar="0,00" impostoRetidoFonte="0,00" impostoRetidoMesesAnteriores="0,00" prejuizoCompensar="0,00" resultLiquidoMes="0,00" resultNegativoAnterior="0,00"/><out aliquotaImposto="20,00" baseCalcImposto="0,00" impostoAPagar="0,00" impostoDevido="0,00" impostoPago="0,00" impostoRetidoCompensar="0,00" impostoRetidoFonte="0,00" impostoRetidoMesesAnteriores="0,00" prejuizoCompensar="0,00" resultLiquidoMes="0,00" resultNegativoAnterior="0,00"/><nov aliquotaImposto="20,00" baseCalcImposto="0,00" impostoAPagar="0,00" impostoDevido="0,00" impostoPago="0,00" impostoRetidoCompensar="0,00" impostoRetidoFonte="0,00" impostoRetidoMesesAnteriores="0,00" prejuizoCompensar="0,00" resultLiquidoMes="0,00" resultNegativoAnterior="0,00"/><dez aliquotaImposto="20,00" baseCalcImposto="0,00" impostoAPagar="0,00" impostoDevido="0,00" impostoPago="0,00" impostoRetidoCompensar="0,00" impostoRetidoFonte="0,00" impostoRetidoMesesAnteriores="0,00" prejuizoCompensar="0,00" resultLiquidoMes="0,00" resultNegativoAnterior="0,00"/></fundosInvestimentos><fundosInvestimentosDependente tipoItens="serpro.ppgd.irpf.rendavariavel.ItemFundosInvestimentosDependente" totalBaseCalculo="0,00" totalImpostoDevido="0,00" totalImpostoPago="0,00" totalImpostoRetidoFonteLei11033="0,00"/><atividadeRural><brasil><identificacaoImovel tipoItens="serpro.ppgd.irpf.atividaderural.brasil.ImovelARBrasil" ultimoIndiceGerado=""/><receitasDespesas totalDespesas="0,00" totalReceita="0,00"><janeiro despesaCusteioInvestimento="0,00" receitaBrutaMensal="0,00"/><fevereiro despesaCusteioInvestimento="0,00" receitaBrutaMensal="0,00"/><marco despesaCusteioInvestimento="0,00" receitaBrutaMensal="0,00"/><abril despesaCusteioInvestimento="0,00" receitaBrutaMensal="0,00"/><maio despesaCusteioInvestimento="0,00" receitaBrutaMensal="0,00"/><junho despesaCusteioInvestimento="0,00" receitaBrutaMensal="0,00"/><julho despesaCusteioInvestimento="0,00" receitaBrutaMensal="0,00"/><agosto despesaCusteioInvestimento="0,00" receitaBrutaMensal="0,00"/><setembro despesaCusteioInvestimento="0,00" receitaBrutaMensal="0,00"/><outubro despesaCusteioInvestimento="0,00" receitaBrutaMensal="0,00"/><novembro despesaCusteioInvestimento="0,00" receitaBrutaMensal="0,00"/><dezembro despesaCusteioInvestimento="0,00" receitaBrutaMensal="0,00"/></receitasDespesas><apuracaoResultado compensacaoPrejuizoExerciciosAnteriores="0,00" despesaCusteio="0,00" limiteVintePorCentoReceitaBruta="0,00" opcaoFormaApuracao="" prejuizoCompensar="0,00" prejuizoExercicioAnterior="0,00" receitaBrutaTotal="0,00" receitaRecebidaContaVenda="0,00" resultadoI="0,00" resultadoNaoTributavel="0,00" resultadoTributavel="0,00" valorAdiantamento="0,00"/><movimentacaoRebanho><bovinos aquisicoesAno="0,00" consumo="0,00" estoqueFinal="0,00" estoqueInicial="0,00" nascidosAno="0,00" vendas="0,00"/><suinos aquisicoesAno="0,00" consumo="0,00" estoqueFinal="0,00" estoqueInicial="0,00" nascidosAno="0,00" vendas="0,00"/><caprinos aquisicoesAno="0,00" consumo="0,00" estoqueFinal="0,00" estoqueInicial="0,00" nascidosAno="0,00" vendas="0,00"/><asininos aquisicoesAno="0,00" consumo="0,00" estoqueFinal="0,00" estoqueInicial="0,00" nascidosAno="0,00" vendas="0,00"/><outros aquisicoesAno="0,00" consumo="0,00" estoqueFinal="0,00" estoqueInicial="0,00" nascidosAno="0,00" vendas="0,00"/></movimentacaoRebanho><dividas tipoItens="serpro.ppgd.irpf.atividaderural.DividaAR"/></brasil><exterior><identificacaoImovel tipoItens="serpro.ppgd.irpf.atividaderural.ImovelAR" ultimoIndiceGerado=""/><receitasDespesas tipoItens="serpro.ppgd.irpf.atividaderural.exterior.ReceitaDespesa" totais="0,00"/><apuracaoResultado compensacaoPrejuizoExerciciosAnteriores="0,00" limiteVintePorCentoReceitaBruta="0,00" opcaoFormaApuracao="" prejuizoCompensar="0,00" prejuizoExercicioAnterior="0,00" receitaRecebidaContaVenda="0,00" resultadoI_EmDolar="0,00" resultadoI_EmReais="0,00" resultadoNaoTributavel="0,00" resultadoTributavel="0,00" valorAdiantamento="0,00"/><movimentacaoRebanho><bovinos aquisicoesAno="0,00" consumo="0,00" estoqueFinal="0,00" estoqueInicial="0,00" nascidosAno="0,00" vendas="0,00"/><suinos aquisicoesAno="0,00" consumo="0,00" estoqueFinal="0,00" estoqueInicial="0,00" nascidosAno="0,00" vendas="0,00"/><caprinos aquisicoesAno="0,00" consumo="0,00" estoqueFinal="0,00" estoqueInicial="0,00" nascidosAno="0,00" vendas="0,00"/><asininos aquisicoesAno="0,00" consumo="0,00" estoqueFinal="0,00" estoqueInicial="0,00" nascidosAno="0,00" vendas="0,00"/><outros aquisicoesAno="0,00" consumo="0,00" estoqueFinal="0,00" estoqueInicial="0,00" nascidosAno="0,00" vendas="0,00"/></movimentacaoRebanho><dividas tipoItens="serpro.ppgd.irpf.atividaderural.DividaAR"/></exterior><bens tipoItens="serpro.ppgd.irpf.atividaderural.BemAR" ultimoIndiceGerado=""/></atividadeRural><ganhosDeCapital totalImpostoDevidoSobreGanhosCapital="0,00" totalImpostoDiferidoAnosPosteriores="0,00" totalImpostoPagoSobreGanhosCapital="0,00" totalImpostoRetidoFonteSobreGanhosCapital="0,00"><bensImoveis tipoItens="serpro.ppgd.irpf.ganhosdecapital.bensimoveis.ItemDadosBemImovel"/><bensMoveis tipoItens="serpro.ppgd.irpf.ganhosdecapital.bensmoveis.ItemDadosBemMovel"/><participacoesSocietarias tipoItens="serpro.ppgd.irpf.ganhosdecapital.psocietarias.ItemDadosPSocietarias"/><declarantes tipoItens="serpro.ppgd.irpf.ganhosdecapital.IdentificacaoDeclaranteGCAP"/></ganhosDeCapital><moedaEstrangeira totalImpostoDevidoSobreGanhosCapital="0,00" totalImpostoPagoSobreGanhosCapital="0,00"><rendAuferidosReais tipoItens="serpro.ppgd.irpf.moedaestrangeira.rendreais.ItemDadosRendReais"/><rendAuferidosMoedaEstrangeira tipoItens="serpro.ppgd.irpf.moedaestrangeira.rendme.ItemDadosRendME"/><rendAuferidosReaisMoedaEstrangeira tipoItens="serpro.ppgd.irpf.moedaestrangeira.rendreaisme.ItemDadosRendReaisME"/><especie tipoItens="serpro.ppgd.irpf.moedaestrangeira.especie.ItemDadosEspecie"/><colecaoDadoConsolidadoGeral tipoItens="serpro.ppgd.irpf.moedaestrangeira.DadoConsolidadoGeral"/></moedaEstrangeira><copiaIdentificador cpf="888.054.255-91" dataUltimoAcesso="27/04/2018 11:11:00" declaracaoRetificadora="0" enderecoDiferente="0" exercicio="2018" inNovaDeclaracao="0" inUtilizouAPP="0" inUtilizouAssistidaFontePagadora="0" inUtilizouAssistidaPlanoSaude="0" inUtilizouOnLine="0" inUtilizouPGD="1" inUtilizouRascunho="0" inUtilizouSalvarRecuperarOnLine="0" nome="NELSON SIMOES RIBEIRO JUNIOR" numReciboDecRetif="" numeroReciboDecAnterior="382275371033" prepreenchida="0" resultadoDeclaracao="IAR" tipoDeclaracao="0" tipoDeclaracaoAES="A" tpIniciada="1" transmitida="0" versaoBeta="N"/></classe>