"";"CODIGO";"NOME";"ESPECIALIDADE";"C_201601_BN";"C_201601_QUANTIDADE";"C_201601_REVISAO";"C_201601_VALOR";"C_201602_BN";"C_201602_QUANTIDADE";"C_201602_REVISAO";"C_201602_VALOR";"C_201603_BN";"C_201603_QUANTIDADE";"C_201603_REVISAO";"C_201603_VALOR";"C_201604_BN";"C_201604_QUANTIDADE";"C_201604_REVISAO";"C_201604_VALOR";"C_201605_BN";"C_201605_QUANTIDADE";"C_201605_REVISAO";"C_201605_VALOR";"C_201606_BN";"C_201606_QUANTIDADE";"C_201606_REVISAO";"C_201606_VALOR";"C_201607_BN";"C_201607_QUANTIDADE";"C_201607_REVISAO";"C_201607_VALOR";"C_201608_BN";"C_201608_QUANTIDADE";"C_201608_REVISAO";"C_201608_VALOR";"C_201609_BN";"C_201609_QUANTIDADE";"C_201609_REVISAO";"C_201609_VALOR";"C_201610_BN";"C_201610_QUANTIDADE";"C_201610_REVISAO";"C_201610_VALOR";"C_201611_BN";"C_201611_QUANTIDADE";"C_201611_REVISAO";"C_201611_VALOR";"C_201612_BN";"C_201612_QUANTIDADE";"C_201612_REVISAO";"C_201612_VALOR";"C_2017_TOTAL_BN";"C_2017_TOTAL_QUANTIDADE";"C_2017_TOTAL_REVISAO";"C_2017_TOTAL_VALOR";"C_201701_BN";"C_201701_QUANTIDADE";"C_201701_REVISAO";"C_201701_VALOR";"C_201702_BN";"C_201702_QUANTIDADE";"C_201702_REVISAO";"C_201702_VALOR";"C_201703_BN";"C_201703_QUANTIDADE";"C_201703_REVISAO";"C_201703_VALOR";"C_201704_BN";"C_201704_QUANTIDADE";"C_201704_REVISAO";"C_201704_VALOR";"C_201705_BN";"C_201705_QUANTIDADE";"C_201705_REVISAO";"C_201705_VALOR";"C_201706_BN";"C_201706_QUANTIDADE";"C_201706_REVISAO";"C_201706_VALOR";"C_201707_BN";"C_201707_QUANTIDADE";"C_201707_REVISAO";"C_201707_VALOR";"C_201708_BN";"C_201708_QUANTIDADE";"C_201708_REVISAO";"C_201708_VALOR"
"1";594480;"HOSPITAL SANTA IZABEL";"Sem procedimento na especialidade";1392;1068500;0;4516585,57;507;333426;0;1463387,98;1146;347876;0;2605303,65;1967;856161;0;3924810,07;1704;789068;0;3358732,41;1231;534193;0;2778203,4;1521;782260;0;4323560,18;1821;700619;0;4686599,29;1491;563615;0;3859996,23;1469;747974;0;4334545,56;1667;1036163;0;5037274,02;1697;632461;0;4082614,01;12428;7544024;0;39892996,72;1755;958570;0;5700255,34;1393;621634;0;3523403,89;1704;925392;0;5097719,54;1402;702343;0;4106014,07;1789;1229219;0;5857840,42;1643;797141;0;4763762,42;1553;1228397;0;5528738,43;1189;1081328;0;5315262,61
"2";594480;"HOSPITAL SANTA IZABEL";"Outros";6633;1108470;210741,47;3191557,94;1228;355928;41031,68;811142,02;2808;357818;117651,95;1034827,42;6013;936367;28804,96;2183801,4;7707;851867;10354,25;3010326,12;6110;584120;102997,02;2634055,7;5088;814007;75544,42;2964470,54;7527;753481;21673,16;3262897,86;6431;592090;95000,58;2456786,32;4994;771153;64843,1;2198746,43;5805;1071230;33285,83;2998844,11;6214;852549;2811,37;2618454,19;47685;7958169;3564268,97;23158602,37;5694;990040;2123918,83;3002267,61;4438;639928;175410,62;1897063,78;6526;1076041;77703,82;2842300,31;5433;722134;554440,73;2189784,9;7278;1259618;135901,95;3641283,7;6193;858783;127467,9;2898884,38;6053;1293078;188412,46;3424270,74;6070;1118547;181012,66;3262746,95
"3";594480;"HOSPITAL SANTA IZABEL";"CIRURGIA CARDÍACA-HEMODINÂMICA (CARDIOVASCULAR)";55;135;31837,61;667598,5;27;60;0;326821,95;29;60;0;286049,65;51;114;0;620077,75;78;181;0;1090320,91;69;174;48922,66;1084314,5;94;226;0;1619836,69;79;186;0;1291540,69;56;127;0;618619,72;88;211;2947,04;1327938,64;65;169;35712,56;734642,85;94;164;0;1260962,32;590;1409;503302,51;8291186,81;100;194;359521,29;1150322,46;70;178;39956,77;982524,65;89;201;25951,77;1080703,2;59;140;46285,37;1027077,85;85;190;30118,31;1203544,58;58;151;1313;904559,02;69;176;0;1005479,97;60;179;156;936975,08
"4";594480;"HOSPITAL SANTA IZABEL";"CONSULTAS";4765;11479;4043;781464,62;1476;3349;715;243208,71;5387;8757;9102,6;588409,43;8929;15260;1133,6;1053976,78;6341;12245;1495;875836,58;3648;8201;6388,2;602117,34;5461;12041;6045;911909,7;6473;12271;1690;902167,8;4944;9436;4191,2;701924,44;6473;11960;3312,92;864451,72;6293;13057;2990;965744,01;6215;11348;0;833089,96;41772;93347;264905;6908257,22;5424;12087;167294,88;923251,8;5916;10488;6998,6;758583,96;6497;12893;8665,8;957696,68;5037;9832;49234,12;732273,36;6725;14369;5223,4;1057137,6;6076;12707;6117,8;912493,36;3437;11042;14333,4;824413,7;2660;9929;7037;742406,76
"5";594480;"HOSPITAL SANTA IZABEL";"RADIOTERAPIA";53;4726;0;335823,8;44;1386;0;107189,8;49;3371;0;266153,76;66;6155;0;455624;29;2507;0;174228,6;62;6451;0;491233,6;69;6734;0;493459,2;55;4717;15641,6;346333;48;4433;7571,2;327501,2;46;4362;0;325075,4;74;7443;0;589414,8;61;5691;0;389030,2;547;52796;14931,8;3966577,44;80;7281;12568,4;567872,58;68;6270;0;482895,86;66;5931;0;440078,6;54;4628;2363,4;350474,8;78;8935;0;661437,4;70;6054;0;464695,4;61;6828;0;489496,8;70;6869;0;509626
"6";594480;"HOSPITAL SANTA IZABEL";"CIRURGIA  APARELHO DIGESTIVO (INCLUINDO PROCTOLOGIA), ANEXOS E PAREDE ABDOMINAL";243;421;1651,13;372953,44;106;167;0;114195,75;231;348;1235,54;297136,14;408;594;9830,19;363017,33;331;470;7585,01;311615,52;176;316;17480,2;348023,93;240;422;1524,17;403725,19;349;541;325;370250,68;297;437;195;355356,04;321;497;1430,66;333863,39;342;507;0;321269,64;357;443;0;375058,4;2106;3262;80203,47;2445607,45;246;385;71840,16;379341,2;328;442;0;227505,11;323;535;0;317491,44;234;346;2664,2;240306,45;344;490;0;394229,25;349;497;130;236094,19;176;346;520;376834,7;106;221;5049,11;273805,11
"7";594480;"HOSPITAL SANTA IZABEL";"ORTOPEDIA E TRAUMATOLOGIA";38;97;213,2;243629,21;14;28;135,2;54341,62;32;69;17465,51;164422,71;57;95;1768;201016,87;42;90;0;204643,92;55;124;0;249584,65;68;120;0;277139,28;66;118;0;289576,38;53;96;104;202845,73;59;123;20250,43;208180,08;57;119;135,2;171800,89;66;110;0;232246,39;426;882;53366,86;1606349,18;61;110;30117;152903,07;50;99;663;131516,26;67;131;0;242594,04;58;98;22586,86;251077,69;70;145;0;274505,75;53;145;0;233005,67;34;75;0;149236,15;33;79;0;171510,55
"8";594480;"HOSPITAL SANTA IZABEL";"TOMOGRAFIA COMPUTADORIZADA";599;739;1073,51;191787,71;161;178;1134,09;48297,45;273;320;3166,26;86372,39;383;458;0;133158,85;504;573;0;148873,52;287;339;5790,85;86657,61;593;700;419,45;209737,82;662;804;420,93;203862,37;440;539;885,71;132327,14;338;421;0;113262,5;548;662;0;183054,15;654;687;0;185280,21;4476;5379;32970,37;1453556,05;772;880;24370,57;237063,82;320;382;651,1;116025,59;607;720;390,85;184329,09;488;563;5425,97;153157,97;675;837;375,6;217812,94;605;725;463,3;190337,73;535;673;902,13;184905,47;474;599;390,85;169923,44
"9";594480;"HOSPITAL SANTA IZABEL";"ENDOSCOPIA DIGESTIVA ";305;339;299;125878,1;109;111;520;57911,32;86;82;0;32235,64;414;462;0;125138,63;526;564;0;208376,94;345;379;209,79;195868,38;418;460;0;189735,64;388;424;0;169375,25;293;326;0;118398,94;419;452;0;159885,07;431;472;0;183462,11;382;382;0;155014,91;2573;2812;30362,17;1222943,2;394;402;28895,43;178993,52;336;356;419,58;146599,23;401;440;209,79;200479,87;321;366;523,58;149419,61;495;547;0;236070,15;417;452;0;188279,71;143;162;0;92563,23;66;87;313,79;30537,88
"10";594480;"HOSPITAL SANTA IZABEL";"GINECOLOGIA E OBSTETRÍCIA";292;361;0;180924,3;79;100;0;40068,21;256;324;3076,83;167105,74;431;519;0;190133,92;432;535;0;252749,38;201;275;0;163112,04;239;304;0;146570;414;508;0;217437,46;344;432;46,8;221556,79;347;422;0;171047,14;276;340;0;146219,47;245;289;0;148621,91;2030;2516;32218,45;1178272,79;264;311;26427,01;151921,15;303;356;2010,86;121339,69;315;405;0;230711,28;235;285;0;130722,19;345;440;3780,58;207135,05;280;343;0;129662,09;132;178;0;119350,01;156;198;0;87431,33
"11";594480;"HOSPITAL SANTA IZABEL";"RESSONÂNCIA MAGNÉTICA";228;258;0;127317,32;58;67;482,8;33353,02;226;269;1351,84;133717,82;300;356;0;177702,26;281;332;0;162835,5;92;124;0;60060,28;231;286;0;141381,46;280;329;0;161882,86;229;267;0;133349,22;268;323;511,28;159686,32;229;282;0;139056,7;221;251;0;123984,14;1847;2346;16599,5;1141490,57;234;279;9334,62;135736,74;199;253;0;124220,82;326;409;0;198967,23;204;249;4850,88;121444,89;271;358;965,6;173980,2;255;315;482,8;152388,58;234;307;965,6;149466,72;124;176;0;85285,39
"12";594480;"HOSPITAL SANTA IZABEL";"UROLOGIA";128;213;6323,55;192111,68;40;83;24,96;66323,43;96;138;11170,32;125257,3;215;302;0;125833,29;168;254;0;206408,98;118;190;3714,35;189834,93;118;194;91;179390,01;149;225;0;175026,32;182;274;0;121123,41;139;216;5500,51;165590,44;166;258;2145;185063,38;187;234;0;112294,61;985;1569;50761,49;1138909,63;131;190;35593,97;133616;115;190;0;152948,26;188;291;0;226879,83;124;189;54,6;113244,02;156;250;338;164081,22;163;245;9174,21;156930,1;63;103;0;71683,04;45;111;5600,71;119527,16
"13";594480;"HOSPITAL SANTA IZABEL";"OTORRINOLARINGOLOGIA";450;1318;171,6;115956,65;75;205;2884,03;68399,81;268;668;72,8;135108,82;801;2471;0;188136,95;486;1426;0;150925,58;344;828;0;120112,54;364;953;109,7;125330,24;605;1360;0;184416,65;535;1224;0;145956,68;550;1193;2884,03;134005,43;457;1213;2867,92;153066,32;497;1233;0;124845,05;3062;7484;20591,79;1063655,67;444;1030;20521,59;130319,63;508;1190;70,2;144210,58;506;1326;0;205289,35;394;946;0;113062,55;492;1309;0;209553,68;456;1070;0;154445,41;151;318;0;55306,23;111;295;0;51468,24
"14";594480;"HOSPITAL SANTA IZABEL";"PATOLOGIA CLÍNICA";631;20415;1662,76;138832,54;168;6626;74,36;41060,99;413;6373;1901,46;48141,69;782;18124;548,24;133725,24;674;18007;56,32;128611,3;520;13093;2299,66;86307,54;704;19941;444,62;134214,38;674;17521;358,82;124822,28;637;16304;539,66;119916,47;607;16171;200,64;112875,32;700;19719;55,88;137177,57;655;15519;0;108341,57;5361;146919;49754,02;1027282,88;778;21117;29811,32;146544,4;574;13471;512,74;100487,14;748;20037;1590,38;145094,85;569;14265;10655,48;100357,71;788;21544;697,4;151573,73;653;16398;494,56;112144,55;635;19990;3830,64;136412,84;616;20097;2161,5;134667,66
"15";594480;"HOSPITAL SANTA IZABEL";"RADIODIAGNÓSTICO";534;1259;869,69;134605,07;176;436;0;61539,46;376;617;412,67;48932,53;1002;1863;68,14;121790,17;787;1687;13,46;126824,49;371;875;165,96;66909,04;781;1639;0;178700,35;746;1537;17,9;72657,59;577;1156;1336,04;73520,39;651;1324;17,27;123841,61;715;1613;53,02;69742,03;597;1162;0;133497,59;4614;10411;52901,9;837632,3;662;1562;21633,72;96003,52;579;1123;195,76;102148,66;647;1339;327,09;140473,17;495;974;27617,13;52872,37;685;1523;107,54;68531,4;642;1327;1273,04;83202,69;463;1311;1545,72;191889,81;441;1252;201,9;102510,68
"16";594480;"HOSPITAL SANTA IZABEL";"NEUROCIRURGIA";18;45;0;167029,17;9;22;0;81224,1;6;9;14382,84;25325,2;8;16;0;69399,74;7;15;0;64336,96;9;18;354,9;94504,22;14;30;0;125176,98;11;26;0;158196,61;9;25;0;87330,33;7;22;0;122430,99;8;18;0;112562,37;13;31;0;112566,87;85;167;65305,19;753012,72;9;18;31870,54;51021,2;13;30;0;147648,57;18;26;0;109607,04;13;20;16376,05;77865,47;6;12;17058,6;74671,78;9;23;0;121996,8;5;9;0;25805,46;12;29;0;144396,4
"17";594480;"HOSPITAL SANTA IZABEL";"CIRURGIA TORACICA";12;20;0;63064,37;9;15;4764,32;35646,42;5;7;9740,47;40485,24;7;14;7416,57;55656,2;13;28;0;117178,82;6;12;0;53095,14;15;33;0;118997,02;13;28;0;113576,37;5;10;0;64910,97;7;12;0;46340,55;8;14;0;52240,06;12;18;0;40640,33;108;174;49525,32;630159,76;24;41;45347;127897,87;8;12;0;69772,15;11;19;0;69907,89;11;21;0;78908,54;12;26;0;58233,89;15;24;0;66677,23;12;12;0;67142,7;15;19;4178,32;91619,49
"18";594480;"HOSPITAL SANTA IZABEL";"CIRURGIA ENDOCRINOLOGICA";6;10;0;49755,05;8;16;0;77787,85;8;16;0;79728,76;11;22;0;106640,82;11;22;0;107816,37;9;17;0;85329,38;6;12;0;51726,26;8;16;0;76051,16;12;24;0;117510,99;10;18;0;88559,49;5;12;0;51315,6;8;16;0;78933,74;62;127;0;587835,07;12;27;0;115043,56;4;8;0;38778,48;9;16;0;83407,18;5;10;0;44951,88;8;16;0;77556,96;4;8;0;39777,18;14;28;0;136900,23;6;14;0;51419,6
"19";594480;"HOSPITAL SANTA IZABEL";"CIRURGIA DE CABEÇA E PESCOÇO";10;17;0;41484,43;8;13;0;13286,86;6;13;0;20539,51;8;16;0;50833,05;16;30;0;41701,31;7;22;0;47013,29;9;22;0;42171,33;21;42;0;61867,09;19;35;0;76406,93;11;23;0;56303,88;15;30;0;32985,83;27;35;0;66608,77;149;259;33931,41;532532,4;21;25;33445,14;42058,09;12;20;0;59803,16;22;40;0;116092,22;22;41;486,27;90426,82;17;32;0;64315,89;21;40;0;64730,75;14;23;0;34598,73;20;38;0;60506,74
"20";594480;"HOSPITAL SANTA IZABEL";"ULTRA-SONOGRAFIA";324;534;0;62801,84;95;136;-103,12;16119,85;285;397;0;38683,01;834;1245;330,13;127237,42;590;897;0;93840,88;294;440;386,79;43675,27;496;739;0;77911,25;456;712;0;76410,21;455;637;0;65518,79;509;763;0;71446,89;540;782;0;84816,09;440;575;0;56138,98;3446;5058;9988,09;506769,38;478;665;7073,99;69994,78;423;624;704;62011,94;584;869;165,07;86861,75;436;644;1240,72;64626,13;623;907;474,17;87801,01;459;704;0;70202,59;283;424;0;42261,62;160;221;330,14;23009,56
"21";594480;"HOSPITAL SANTA IZABEL";"CARDIOLOGIA";440;532;582,4;47621,6;161;192;0;12550,2;429;492;240,5;32028,72;829;1014;0;74614,05;756;898;0;75627,5;384;442;0;37662,3;667;813;0;58892,6;564;671;0;47232,9;612;714;0;57755,1;688;895;0;66327,3;626;789;273;65769,6;634;761;0;55040,7;4560;5751;8071,7;436267;528;628;5297,5;57638,1;626;775;0;55701,1;819;972;312;71078,8;563;682;1930,5;44179,2;741;942;136,5;67138,5;725;927;258,7;72839;341;470;136,5;39340,6;217;355;0;28351,7
"22";594480;"HOSPITAL SANTA IZABEL";"ANGIOLOGIA - CIRURGIA VASCULAR E LINFÁTICA";196;374;72,8;43957,82;63;115;0;27701,39;100;193;239,2;5928,58;256;515;0;25836,67;149;283;0;24451,92;94;180;270,4;32179,62;123;235;0;53086,09;128;246;0;31952,86;149;289;390;24454,7;151;289;0;43710,72;102;191;130;23045,12;121;208;0;34395,41;1048;1950;13505,51;421352,84;117;195;7531,28;72721,87;145;280;2844,91;54523,64;161;298;130;64454,41;109;198;2869,32;27209,89;122;222;0;69235,57;139;262;0;57847,11;106;185;0;38532,22;149;310;130;36828,13
"23";594480;"HOSPITAL SANTA IZABEL";"MEDICINA NUCLEAR";64;68;260;20208,5;60;65;0;18941;27;28;0;7553;194;197;0;61246,35;189;200;0;61183,2;116;117;0;39981,5;69;72;0;24908;178;181;0;60723;184;189;0;61113;122;128;0;36692,5;111;113;0;40222;151;151;0;51597;875;919;858;286091;143;151;429;44135;117;119;0;39000;116;125;0;39188,5;121;128;429;40904,5;119;124;0;38584;102;107;0;35633;116;121;0;39331,5;41;44;0;9314,5
"24";594480;"HOSPITAL SANTA IZABEL";"CIRURGIA PEDIATRICA";35;59;0;64533,96;19;44;0;62468,45;33;51;0;33959,4;33;60;0;55989,18;36;66;0;38154,8;20;37;0;37545,17;40;73;0;58853,6;49;85;0;86324,93;42;68;0;52272,68;32;57;130;39888,26;39;69;0;45659,59;33;51;0;38345,95;207;343;21814,05;281439,13;41;64;18560,01;59843,08;29;49;2167,14;37666,98;46;72;0;54597,87;25;41;1086,9;35144,1;28;50;0;37773,1;23;40;0;33844,93;10;16;0;8833,9;5;11;0;13735,17
"25";594480;"HOSPITAL SANTA IZABEL";"NUTRIÇÃO PARENTERAL E ENTERAL";85;1116;221;42471;40;347;0;12623;34;237;936;7540;73;773;0;27573;81;847;0;30615;71;596;442;22802;92;833;1976;30745;65;756;0;30342;63;589;260;23283;72;690;0;27196;85;911;0;33319;72;588;0;25454;624;6734;17420;266188;93;856;8788;37245;52;482;390;17576;79;835;832;33046;74;684;4524;28080;88;1070;0;41912;62;679;0;26923;85;1065;1560;41171;91;1063;1326;40235
"26";594480;"HOSPITAL SANTA IZABEL";"PEDIATRIA";194;199;0;18051;79;77;0;6933;150;150;0;13950;550;660;0;58644;242;252;0;22980;157;170;0;14328;338;381;0;32925;341;371;0;32603;358;393;186;34383;297;437;0;33421;319;374;0;31514;375;454;0;37054;2570;3222;2262;260772;268;284;2262;24170;317;405;0;33181;297;352;0;29316;347;424;0;34682;387;523;0;41381;321;375;0;30961;354;445;0;35989;279;414;0;31092
"27";594480;"HOSPITAL SANTA IZABEL";"ANESTESIOLOGIA";47;96;0;15280;45;48;0;7070;40;74;0;10920;76;295;0;43880;78;240;0;35700;49;68;0;9960;60;146;0;21800;72;237;0;35622;67;144;0;21650;67;199;0;29600;61;156;0;23482;60;128;0;19120;542;1656;110;243446;69;193;110;29360;60;132;0;19680;69;282;0;41390;58;134;0;19680;72;267;0;38750;76;226;0;32752;73;221;0;32190;65;201;0;29644
"28";594480;"HOSPITAL SANTA IZABEL";"OFTALMOLOGIA";126;270;5,5;6708,1;209;539;14,3;18083,53;50;151;232,49;3830,2;455;1141;0;28189,41;436;1255;0;40228,53;69;128;0;3190,1;257;702;0;23633,55;167;482;0;14407,31;333;825;16,5;28080,35;397;1033;0;28410,89;364;1002;0;28706,88;214;595;0;19284,2;1701;5874;35,2;189809,6;208;614;35,2;19434,69;276;943;0;28637,84;251;864;0;27902,19;232;848;0;26504,69;349;1262;0;42251,27;254;925;0;32212,26;101;333;0;10281,85;30;85;0;2584,81
"29";594480;"HOSPITAL SANTA IZABEL";"MASTOLOGIA (INCLUINDO CIRURGIA DE MAMA)";8;20;0;16150,61;2;6;0;3435,24;12;28;20,8;26521,61;12;24;0;25189,6;19;154;0;50842,95;11;34;0;23615,73;13;33;0;32372,11;9;27;0;16284,23;6;14;0;15021,21;5;15;0;7475,2;7;22;0;15573,45;11;33;0;20083,2;85;197;10160,64;154933,63;12;25;7427,99;14736,6;7;22;0;15146,58;17;38;0;31314,9;8;14;2732,65;8714,71;13;31;0;27453,51;9;17;0;19407,76;11;30;0;25867,2;8;20;0;12292,37
"30";594480;"HOSPITAL SANTA IZABEL";"DERMATOLOGIA CLÍNICO - CIRÚRGICA";55;277;0;35450,29;20;90;44,2;6721,66;11;51;0;9379,52;95;710;0;35735,74;38;307;304,2;16473,62;34;321;52;23168,87;32;88;0;31898,12;65;318;0;25281,14;40;221;0;19466,7;32;189;78;13560,32;34;179;0;16438,61;45;120;0;22824,36;372;447;4893,66;136939,02;40;69;4854,66;21659,96;65;71;39;17292,82;73;80;0;22904,4;47;50;0;14838,12;52;56;0;17681,21;70;88;0;15961,55;20;25;0;14383,38;5;8;0;12217,58
"31";594480;"HOSPITAL SANTA IZABEL";"NEFROLOGIA";24;162;0;19578;12;45;0;4056;2;4;0;338;6;11;0;1326;7;26;0;2574;23;98;0;9594;24;122;0;11778;14;43;0;5252;19;89;0;9750;22;130;0;12402;28;179;0;20436;34;127;0;13182;197;1075;13806;108498;39;206;7800;19942;16;109;2340;9308;26;158;780;16822;19;85;1014;9126;21;96;0;10712;13;64;624;5564;32;135;780;13962;31;222;468;23062
"32";594480;"HOSPITAL SANTA IZABEL";"CIRURGIA PLASTICA REPARADORA";15;24;0;9400,9;10;12;841,62;6644,51;9;22;0;12173,28;10;12;390;3590,41;13;20;0;18554,72;11;31;0;17700,39;12;27;689;11798,14;15;33;0;7817,63;19;28;520;6623,64;19;26;1100,97;4640,32;9;19;1166,1;5394,59;21;23;0;18374,19;98;255;4586,22;64592,53;23;31;2116,74;7325,77;4;7;0;669,5;6;12;0;4542,47;14;38;0;5113,42;13;23;0;6542,78;9;28;0;4298,06;17;45;0;13870,02;12;71;2469,48;22230,51
"33";594480;"HOSPITAL SANTA IZABEL";"ENDOSCOPIA PERORAL";12;22;0;10908,09;2;4;0;1974,78;6;7;987,39;3138,97;6;10;0;4795,94;3;8;0;3949,56;6;11;0;5014,95;9;20;0;9618,32;9;18;0;9176,87;2;3;0;1574,99;14;26;0;12859,84;10;19;0;9333,1;10;18;0;9130,07;79;127;2774,36;59349,44;9;16;987,39;7726,13;9;19;0;8593,69;7;9;0;4396,15;8;12;799,58;5350,89;10;18;0;8989,06;7;10;0;4749,14;12;17;987,39;8238,81;17;26;0;11305,57
"34";594480;"HOSPITAL SANTA IZABEL";"QUIMIOTERAPIA DO CÂNCER (CANCEROLOGIA)";138;220;-39;5298,8;47;66;0;1778,4;134;200;0;4482,4;156;284;0;7056,4;8;12;0;455;91;126;0;2051,4;161;363;0;9529;201;491;0;12571;151;240;85,8;6081,4;168;357;0;9739,6;192;386;0;9024,6;149;223;65;5688,8;1394;2332;457,6;54646,8;174;274;488,8;6671,6;180;294;-96,2;6502,6;172;300;0;7191,6;141;225;65;5842,2;184;362;0;8192,6;169;271;0;6071;174;275;0;6546,8;200;331;0;7628,4
"35";594480;"HOSPITAL SANTA IZABEL";"ENDOCRINOLOGIA";19;19;0;1425;22;22;0;1210;36;37;0;3099;147;169;0;11993;97;98;0;6872;38;38;0;2508;55;56;0;3612;97;105;0;7485;83;85;0;5321;101;106;0;7350;51;51;0;3717;100;97;0;6665;505;510;372;32420;39;35;372;2153;48;48;0;3324;77;80;0;5046;46;46;0;2986;70;70;0;4534;66;66;0;4124;71;71;0;4399;88;94;0;5854
"36";594480;"HOSPITAL SANTA IZABEL";"CIRURGIA DA MAO";3;4;0;743,09;1;2;0;338;6;12;0;9308,16;5;10;0;6475,99;7;13;0;5702,11;6;12;1830;6880,44;4;10;0;7992,55;1;2;0;1471,19;9;18;0;3007,12;4;6;0;3367,85;2;3;0;2966,71;4;6;0;3926,85;26;52;2951,11;29106;4;6;2951,11;3453,65;3;4;0;1876,79;6;10;0;8918,42;NA;NA;NA;NA;6;16;0;5592,03;2;6;0;5203,06;3;6;0;2388,06;2;4;0;1673,99
"37";594480;"HOSPITAL SANTA IZABEL";"ALERGOLOGIA";16;672;0;5086,4;NA;NA;NA;NA;NA;NA;NA;NA;40;1680;0;12716;12;504;0;3814,8;1;42;0;317,9;15;564;0;4907,1;3;102;0;973,5;23;791;0;5226,1;NA;NA;NA;NA;7;230;0;1370,16;43;1676;0;9541,4;110;3623;0;19736,2;1;39;0;222,2;27;986;0;5691,4;22;827;0;4479,2;NA;NA;NA;NA;19;720;0;3874,2;24;427;0;2805;13;476;0;2021,8;4;148;0;642,4
"38";594480;"HOSPITAL SANTA IZABEL";"ELETROENCEFALOGRAFIA  E NEUROFISIOLOGIA CLÍNICA";17;19;65;1235;9;9;0;585;6;9;0;663;10;12;0;936;10;10;0;720,2;13;14;0;1378;21;21;0;1872;19;27;0;2483;19;21;0;1890,2;5;5;0;335,4;23;25;0;2077,4;19;11;0;954,2;166;160;1859;14242,8;25;18;650;1664;12;15;0;1430;26;22;0;1869,4;18;13;559;1248;20;19;65;1677;19;20;65;2132;22;23;520;1976;24;30;0;2246,4
"39";594480;"HOSPITAL SANTA IZABEL";"CLINICA MEDICA";123;153;0;1414,4;16;16;0;140,4;142;214;0;1960,4;113;133;0;1237,6;132;145;0;1344,2;52;52;10,4;488,8;90;102;0;897;128;163;0;1531,4;124;139;-10,4;1279,2;60;70;0;637,01;92;111;0;1066;89;93;0;907,4;739;826;124,8;7904;127;156;124,8;1526,2;85;90;0;816,4;105;119;0;1102,4;76;82;0;793;98;108;0;1037,4;82;91;0;876,2;94;103;0;995,8;72;77;0;756,6
"40";594480;"HOSPITAL SANTA IZABEL";"HEMOTERAPIA";1;1;0;6,6;1;2;0;9,68;NA;NA;NA;NA;1;1;0;6,6;5;5;0;496,68;NA;NA;NA;NA;1;1;0;6,6;2;2;0;245,04;NA;NA;NA;NA;NA;NA;NA;NA;4;4;0;26,4;1;1;0;6,6;8;9;0;1471,64;1;1;0;259,52;1;1;0;6,6;2;3;0;599,46;1;1;0;6,6;1;1;0;6,6;NA;NA;NA;NA;1;1;0;6,6;1;1;0;586,26
"41";594480;"HOSPITAL SANTA IZABEL";"MICROCIRURGIA RECONSTRUTIVA";NA;NA;NA;NA;NA;NA;NA;NA;1;2;0;338;NA;NA;NA;NA;1;1;0;260;NA;NA;NA;NA;1;2;0;338;1;3;0;390;NA;NA;NA;NA;NA;NA;NA;NA;NA;NA;NA;NA;NA;NA;NA;NA;1;6;0;1225,25;NA;NA;NA;NA;NA;NA;NA;NA;NA;NA;NA;NA;NA;NA;NA;NA;NA;NA;NA;NA;NA;NA;NA;NA;NA;NA;NA;NA;1;6;0;1225,25
"42";594480;"HOSPITAL SANTA IZABEL";"GENÉTICA";NA;NA;NA;NA;NA;NA;NA;NA;NA;NA;NA;NA;NA;NA;NA;NA;NA;NA;NA;NA;NA;NA;NA;NA;NA;NA;NA;NA;NA;NA;NA;NA;NA;NA;NA;NA;NA;NA;NA;NA;NA;NA;NA;NA;NA;NA;NA;NA;1;0;0;0;1;0;0;0;NA;NA;NA;NA;NA;NA;NA;NA;NA;NA;NA;NA;NA;NA;NA;NA;NA;NA;NA;NA;NA;NA;NA;NA;NA;NA;NA;NA
"43";594480;"HOSPITAL SANTA IZABEL";"MEDICINA FÍSICA E REABILITAÇÃO (FISIATRIA)";NA;NA;NA;NA;NA;NA;NA;NA;NA;NA;NA;NA;NA;NA;NA;NA;1;0;0;0;NA;NA;NA;NA;NA;NA;NA;NA;NA;NA;NA;NA;NA;NA;NA;NA;NA;NA;NA;NA;NA;NA;NA;NA;NA;NA;NA;NA;2;0;0;0;NA;NA;NA;NA;NA;NA;NA;NA;1;0;0;0;NA;NA;NA;NA;1;0;0;0;NA;NA;NA;NA;NA;NA;NA;NA;NA;NA;NA;NA
"44";594480;"HOSPITAL SANTA IZABEL";"Não Identificado";2;1;0;0;1;1;0;0;16;30;0;0;42;60;0;0;38;60;0;0;14;17;0;0;19;33;0;0;11;8;0;0;10;9;0;3150,6;8;8;0;0;4;7;0;0;4;0;0;0;19;5;0;0;4;0;0;0;NA;NA;NA;NA;3;2;0;0;NA;NA;NA;NA;2;0;0;0;1;0;0;0;3;0;0;0;6;3;0;0
"45";594480;"HOSPITAL SANTA IZABEL";"ANATOMIA PATOLÓGICA E CITOPATOLOGIA";NA;NA;NA;NA;NA;NA;NA;NA;NA;NA;NA;NA;3;5;0;899,6;2;2;0;114,4;1;0;1146,6;0;NA;NA;NA;NA;NA;NA;NA;NA;NA;NA;NA;NA;NA;NA;NA;NA;NA;NA;NA;NA;NA;NA;NA;NA;NA;NA;NA;NA;NA;NA;NA;NA;NA;NA;NA;NA;NA;NA;NA;NA;NA;NA;NA;NA;NA;NA;NA;NA;NA;NA;NA;NA;NA;NA;NA;NA;NA;NA;NA;NA
"46";594480;"HOSPITAL SANTA IZABEL";"HEPATOLOGIA";NA;NA;NA;NA;NA;NA;NA;NA;NA;NA;NA;NA;NA;NA;NA;NA;NA;NA;NA;NA;NA;NA;NA;NA;NA;NA;NA;NA;NA;NA;NA;NA;NA;NA;NA;NA;1;1;0;65;NA;NA;NA;NA;NA;NA;NA;NA;NA;NA;NA;NA;NA;NA;NA;NA;NA;NA;NA;NA;NA;NA;NA;NA;NA;NA;NA;NA;NA;NA;NA;NA;NA;NA;NA;NA;NA;NA;NA;NA;NA;NA;NA;NA
