"";"CODIGO";"PRESTADOR";"ANOMES";"QTA_FT";"VA_FT";"QTA_AT";"VA_AT";"DIF";"escala";"escala_geral"
"1";842863;"A & S CONSULTORIOS";"201401";297;22610;324;24610;-2000;NA;-0,119997670562584
"2";842863;"A & S CONSULTORIOS";"201402";344;26365;327;24455;1910;NA;-0,0069803406934449
"3";842863;"A & S CONSULTORIOS";"201403";361;26915;324;24640;2275;NA;-0,505376694057393
"4";842863;"A & S CONSULTORIOS";"201404";274;20730;283;21515;-785;NA;-0,112579867134997
"5";842863;"A & S CONSULTORIOS";"201405";421;30905;361;26915;3990;NA;0,0385613879331718
"6";842863;"A & S CONSULTORIOS";"201406";220;15000;200;13405;1595;NA;0,189263094287167
"7";842863;"A & S CONSULTORIOS";"201407";307;22915;422;30870;-7955;NA;0,136605093470868
"8";842863;"A & S CONSULTORIOS";"201408";400;29620;374;27855;1765;NA;-0,270783179362783
"9";842863;"A & S CONSULTORIOS";"201409";398;28475;354;25545;2930;NA;-0,294127444236475
"10";842863;"A & S CONSULTORIOS";"201410";457;32850;467;33040;-190;NA;0,097700329072888
"11";842863;"A & S CONSULTORIOS";"201411";352;24805;350;24835;-30;NA;0,423958508424691
"12";842863;"A & S CONSULTORIOS";"201412";334;24195;362;26390;-2195;NA;0,0993212952692918
"13";842863;"A & S CONSULTORIOS";"201501";407;32515;396;31744;771;NA;-0,132689790752369
"14";842863;"A & S CONSULTORIOS";"201502";342;27586;381;31409;-3823;NA;-0,102030962881165
"15";842863;"A & S CONSULTORIOS";"201503";494;40980;481;40117;863;NA;-0,233967535653853
"16";842863;"A & S CONSULTORIOS";"201504";503;40811;459;36635;4176;NA;0,020665698036017
"17";842863;"A & S CONSULTORIOS";"201505";473;38933;538;43774;-4841;NA;-0,458710510200686
"18";842863;"A & S CONSULTORIOS";"201506";376;30976;377;31105;-129;NA;0,112755230665555
"19";842863;"A & S CONSULTORIOS";"201507";607;50445;602;49720;725;NA;-0,0470599851394996
"20";842863;"A & S CONSULTORIOS";"201508";540;44708;502;41986;2722;NA;0,0792191517147049
"21";842863;"A & S CONSULTORIOS";"201509";489;40231;480;39674;557;NA;-0,116202168540482
"22";842863;"A & S CONSULTORIOS";"201510";558;47446;577;49045;-1599;NA;-0,412847478322812
"23";842863;"A & S CONSULTORIOS";"201511";530;43560;545;44637;-1077;NA;-0,229872156959708
"24";842863;"A & S CONSULTORIOS";"201512";502;42086;503;41843;243;NA;1,36542736788666
"25";842863;"A & S CONSULTORIOS";"201601";452;37626;439;36931;695;NA;-0,871413470619252
"26";842863;"A & S CONSULTORIOS";"201602";494;40682;528;44249;-3567;NA;-1,10406102985573
"27";842863;"A & S CONSULTORIOS";"201603";742;62447;743;61425;1022;NA;-0,0932521363637495
"28";842863;"A & S CONSULTORIOS";"201604";578;46589;564;45242;1347;NA;0,295095462650265
"29";842863;"A & S CONSULTORIOS";"201605";723;60183;754;62298;-2115;NA;-0,0402620449942211
"30";842863;"A & S CONSULTORIOS";"201606";652;52854;638;51608;1246;NA;0,504560359113246
"31";842863;"A & S CONSULTORIOS";"201607";709;56564;723;57998;-1434;NA;0,118715967301735
"32";842863;"A & S CONSULTORIOS";"201608";841;68374;882;70612;-2238;NA;0,246704792673021
"33";842863;"A & S CONSULTORIOS";"201609";628;48863;582;45879;2984;NA;-0,241415851652115
"34";842863;"A & S CONSULTORIOS";"201610";734;60340,4;744;61139,9;-799,5;NA;-0,0577379922751957
"35";842863;"A & S CONSULTORIOS";"201611";896;73396,5;879;72154,3;1242,2;NA;0,236820151328786
"36";842863;"A & S CONSULTORIOS";"201612";812;66190,1;862;69516,4;-3326,29999999999;NA;0,774084587200009
"37";842863;"A & S CONSULTORIOS";"201701";938;77693,2;1014;82681,5;-4988,3;NA;-0,383555166037881
"38";842863;"A & S CONSULTORIOS";"201702";944;76553,9;926;75203,3;1350,59999999999;NA;0,612329383670548
"39";842863;"A & S CONSULTORIOS";"201703";1065;87648,4;1128;91787,1;-4138,70000000001;NA;-0,158503682640196
"40";842863;"A & S CONSULTORIOS";"201704";950;77283,2;860;71736,4;5546,8;NA;-0,507259621171126
"41";842863;"A & S CONSULTORIOS";"201705";1018;82261,3;898;75626,4;6634,90000000001;NA;0,722603851382812
"42";842863;"A & S CONSULTORIOS";"201706";807;70519;622;56933,7;13585,3;NA;5,78253634514875
"43";842801;"A M FISIOTERAPIA";"201401";63;617,4;63;617,4;0;NA;-0,119997670562584
"44";842801;"A M FISIOTERAPIA";"201402";68;666,4;68;666,4;0;NA;-0,0069803406934449
"45";842801;"A M FISIOTERAPIA";"201403";69;676,2;69;676,2;0;NA;-0,505376694057393
"46";842801;"A M FISIOTERAPIA";"201404";22;215,6;22;215,6;0;NA;-0,112579867134997
"47";842801;"A M FISIOTERAPIA";"201405";86;842,8;86;842,8;0;NA;0,0385613879331718
"48";842801;"A M FISIOTERAPIA";"201406";61;597,8;61;597,8;0;NA;0,189263094287167
"49";842801;"A M FISIOTERAPIA";"201407";24;235,2;27;264,2;-29;NA;0,136605093470868
"50";842801;"A M FISIOTERAPIA";"201408";38;372,4;38;372,2;0,199999999999989;NA;-0,270783179362783
"51";842801;"A M FISIOTERAPIA";"201409";0;0;31;303,8;-303,8;NA;-0,294127444236475
"52";842801;"A M FISIOTERAPIA";"201410";37;362;41;401,8;-39,8;NA;0,097700329072888
"53";842801;"A M FISIOTERAPIA";"201411";64;627,2;26;254,8;372,4;NA;0,423958508424691
"54";842801;"A M FISIOTERAPIA";"201412";7;68,6;7;68,6;0;NA;0,0993212952692918
"55";842801;"A M FISIOTERAPIA";"201501";9;88,2;11;107,8;-19,6;NA;-0,132689790752369
"56";842801;"A M FISIOTERAPIA";"201502";0;0;33;323,4;-323,4;NA;-0,102030962881165
"57";842801;"A M FISIOTERAPIA";"201503";35;343;66;646,8;-303,8;NA;-0,233967535653853
"58";842801;"A M FISIOTERAPIA";"201504";70;686;33;323,4;362,6;NA;0,020665698036017
"59";842801;"A M FISIOTERAPIA";"201505";37;362,6;8;78,4;284,2;NA;-0,458710510200686
"60";842801;"A M FISIOTERAPIA";"201507";30;294;30;294;0;NA;-0,0470599851394996
"61";842801;"A M FISIOTERAPIA";"201508";31;303,8;51;499,8;-196;NA;0,0792191517147049
"62";842801;"A M FISIOTERAPIA";"201509";89;872,2;70;690,2;182;NA;-0,116202168540482
"63";842801;"A M FISIOTERAPIA";"201510";84;1176;87;1218;-42;NA;-0,412847478322812
"64";842801;"A M FISIOTERAPIA";"201511";91;1274;94;1316;-42;NA;-0,229872156959708
"65";842801;"A M FISIOTERAPIA";"201512";98;1372;92;1288;84;NA;1,36542736788666
"66";842801;"A M FISIOTERAPIA";"201601";50;700;49;686;14;NA;-0,871413470619252
"67";842801;"A M FISIOTERAPIA";"201602";79;1106;79;1106;0;NA;-1,10406102985573
"68";842801;"A M FISIOTERAPIA";"201603";123;1722;123;1722;0;NA;-0,0932521363637495
"69";842801;"A M FISIOTERAPIA";"201604";118;1652;118;1652;0;NA;0,295095462650265
"70";842801;"A M FISIOTERAPIA";"201605";130;1820;143;2002;-182;NA;-0,0402620449942211
"71";842801;"A M FISIOTERAPIA";"201606";162;2268;149;2086;182;NA;0,504560359113246
"72";842801;"A M FISIOTERAPIA";"201607";153;2142;153;2142;0;NA;0,118715967301735
"73";842801;"A M FISIOTERAPIA";"201608";0;0;216;3024;-3024;NA;0,246704792673021
"74";842801;"A M FISIOTERAPIA";"201609";324;4536;114;1596;2940;NA;-0,241415851652115
"75";842801;"A M FISIOTERAPIA";"201610";176;2464;178;2492;-28;NA;-0,0577379922751957
"76";842801;"A M FISIOTERAPIA";"201611";195;2730;196;2744;-14;NA;0,236820151328786
"77";842801;"A M FISIOTERAPIA";"201612";76;1064;134;1876;-812;NA;0,774084587200009
"78";842801;"A M FISIOTERAPIA";"201701";212;2968;234;3276;-308;NA;-0,383555166037881
"79";842801;"A M FISIOTERAPIA";"201702";243;3402;234;3276;126;NA;0,612329383670548
"80";842801;"A M FISIOTERAPIA";"201703";388;5432;309;4326;1106;NA;-0,158503682640196
"81";842801;"A M FISIOTERAPIA";"201704";151;2114;151;2114;0;NA;-0,507259621171126
"82";842801;"A M FISIOTERAPIA";"201705";161;2254;176;2464;-210;NA;0,722603851382812
"83";842801;"A M FISIOTERAPIA";"201706";161;2254;145;2030;224;NA;5,78253634514875
"84";852429;"A+ MEDICINA DIAGNOSTICA E DIAGNOSON";"201401";8766;312305,02;6561;466884,82;-154579,8;NA;-0,119997670562584
"85";852429;"A+ MEDICINA DIAGNOSTICA E DIAGNOSON";"201402";6560;390078,83;6587;501622,6;-111543,77;NA;-0,0069803406934449
"86";852429;"A+ MEDICINA DIAGNOSTICA E DIAGNOSON";"201403";6351;554172,2;4537;445772,41;108399,79;NA;-0,505376694057393
"87";852429;"A+ MEDICINA DIAGNOSTICA E DIAGNOSON";"201404";9618;865278,66;4616;470996,52;394282,14;NA;-0,112579867134997
"88";852429;"A+ MEDICINA DIAGNOSTICA E DIAGNOSON";"201405";6367;684407,07;5722;597282,42;87124,6499999999;NA;0,0385613879331718
"89";852429;"A+ MEDICINA DIAGNOSTICA E DIAGNOSON";"201406";4818;503970,26;4021;417524,98;86445,28;NA;0,189263094287167
"90";852429;"A+ MEDICINA DIAGNOSTICA E DIAGNOSON";"201407";5072;513216,32;5557;571884,46;-58668,14;NA;0,136605093470868
"91";852429;"A+ MEDICINA DIAGNOSTICA E DIAGNOSON";"201408";5207;545538,98;5520;602343,59;-56804,61;NA;-0,270783179362783
"92";852429;"A+ MEDICINA DIAGNOSTICA E DIAGNOSON";"201409";5962;661441,31;5663;673461,11;-12019,7999999999;NA;-0,294127444236475
"93";852429;"A+ MEDICINA DIAGNOSTICA E DIAGNOSON";"201410";5138;685890,99;4588;582077,86;103813,13;NA;0,097700329072888
"94";852429;"A+ MEDICINA DIAGNOSTICA E DIAGNOSON";"201411";3997;476483,25;4446;526518,21;-50034,96;NA;0,423958508424691
"95";852429;"A+ MEDICINA DIAGNOSTICA E DIAGNOSON";"201412";4014;487298,26;3044;404613,62;82684,64;NA;0,0993212952692918
"96";852429;"A+ MEDICINA DIAGNOSTICA E DIAGNOSON";"201501";3751;471550,07;3912;489942,52;-18392,45;NA;-0,132689790752369
"97";852429;"A+ MEDICINA DIAGNOSTICA E DIAGNOSON";"201502";3037;396399,7;3438;428225,15;-31825,45;NA;-0,102030962881165
"98";852429;"A+ MEDICINA DIAGNOSTICA E DIAGNOSON";"201503";4640;573446,1;4370;583447,27;-10001,17;NA;-0,233967535653853
"99";852429;"A+ MEDICINA DIAGNOSTICA E DIAGNOSON";"201504";3289;460807,57;4133;512667,09;-51859,52;NA;0,020665698036017
"100";852429;"A+ MEDICINA DIAGNOSTICA E DIAGNOSON";"201505";4235;485770,73;4328;519491,75;-33721,02;NA;-0,458710510200686
"101";852429;"A+ MEDICINA DIAGNOSTICA E DIAGNOSON";"201506";4688;580829,26;3647;463623,73;117205,53;NA;0,112755230665555
"102";852429;"A+ MEDICINA DIAGNOSTICA E DIAGNOSON";"201507";4109;544214,43;3981;531592,79;12621,64;NA;-0,0470599851394996
"103";852429;"A+ MEDICINA DIAGNOSTICA E DIAGNOSON";"201508";4227;597227,91;4410;613963,65;-16735,74;NA;0,0792191517147049
"104";852429;"A+ MEDICINA DIAGNOSTICA E DIAGNOSON";"201509";4359;548310,39;4422;557534,74;-9224,34999999998;NA;-0,116202168540482
"105";852429;"A+ MEDICINA DIAGNOSTICA E DIAGNOSON";"201510";4043;545855,79;4590;612692,12;-66836,33;NA;-0,412847478322812
"106";852429;"A+ MEDICINA DIAGNOSTICA E DIAGNOSON";"201511";4258;566962,44;4650;608324,52;-41362,0800000001;NA;-0,229872156959708
"107";852429;"A+ MEDICINA DIAGNOSTICA E DIAGNOSON";"201512";4165;557150,31;3510;459447,2;97703,11;NA;1,36542736788666
"108";852429;"A+ MEDICINA DIAGNOSTICA E DIAGNOSON";"201601";3912;504916,91;3640;481335,83;23581,08;NA;-0,871413470619252
"109";852429;"A+ MEDICINA DIAGNOSTICA E DIAGNOSON";"201602";3815;470921,02;3867;473863,38;-2942,35999999999;NA;-1,10406102985573
"110";852429;"A+ MEDICINA DIAGNOSTICA E DIAGNOSON";"201603";5275;663754,57;4924;628490,02;35264,5499999999;NA;-0,0932521363637495
"111";852429;"A+ MEDICINA DIAGNOSTICA E DIAGNOSON";"201604";4012;515455,8;4702;607192,92;-91737,1200000001;NA;0,295095462650265
"112";852429;"A+ MEDICINA DIAGNOSTICA E DIAGNOSON";"201605";5723;684069,96;6343;726409,23;-42339,27;NA;-0,0402620449942211
"113";852429;"A+ MEDICINA DIAGNOSTICA E DIAGNOSON";"201606";6194;687376;5370;600988,42;86387,58;NA;0,504560359113246
"114";852429;"A+ MEDICINA DIAGNOSTICA E DIAGNOSON";"201607";5539;674005,69;5896;706655,64;-32649,9500000001;NA;0,118715967301735
"115";852429;"A+ MEDICINA DIAGNOSTICA E DIAGNOSON";"201608";6729;776386,32;6276;745162,95;31223,37;NA;0,246704792673021
"116";852429;"A+ MEDICINA DIAGNOSTICA E DIAGNOSON";"201609";5724;731665,83;5722;735724,83;-4059;NA;-0,241415851652115
"117";852429;"A+ MEDICINA DIAGNOSTICA E DIAGNOSON";"201610";5039;630014,36;5275;646238,72;-16224,36;NA;-0,0577379922751957
"118";852429;"A+ MEDICINA DIAGNOSTICA E DIAGNOSON";"201611";5676;711995,77;5590;719880,09;-7884,31999999995;NA;0,236820151328786
"119";852429;"A+ MEDICINA DIAGNOSTICA E DIAGNOSON";"201612";4144;506687,72;4684;590676,64;-83988,92;NA;0,774084587200009
"120";852429;"A+ MEDICINA DIAGNOSTICA E DIAGNOSON";"201701";5508;685561,32;5823;691352,15;-5790,83000000007;NA;-0,383555166037881
"121";852429;"A+ MEDICINA DIAGNOSTICA E DIAGNOSON";"201702";3965;483024,42;4184;507643,5;-24619,08;NA;0,612329383670548
"122";852429;"A+ MEDICINA DIAGNOSTICA E DIAGNOSON";"201703";5204;629569,45;5659;689006,98;-59437,53;NA;-0,158503682640196
"123";852429;"A+ MEDICINA DIAGNOSTICA E DIAGNOSON";"201704";5544;693031,87;4809;588738,54;104293,33;NA;-0,507259621171126
"124";852429;"A+ MEDICINA DIAGNOSTICA E DIAGNOSON";"201705";4918;605862,59;5803;710404;-104541,41;NA;0,722603851382812
"125";852429;"A+ MEDICINA DIAGNOSTICA E DIAGNOSON";"201706";5063;625080,17;2168;265374,77;359705,4;NA;5,78253634514875
"126";832783;"A+ MEDICINA DIAGNOSTICA (FLEURY S.A)";"201401";0;0;29824;225790,92;-225790,92;NA;-0,119997670562584
"127";832783;"A+ MEDICINA DIAGNOSTICA (FLEURY S.A)";"201402";10119;76001,4;29436;225293,82;-149292,42;NA;-0,0069803406934449
"128";832783;"A+ MEDICINA DIAGNOSTICA (FLEURY S.A)";"201403";75269;573922,74;30662;234293,28;339629,46;NA;-0,505376694057393
"129";832783;"A+ MEDICINA DIAGNOSTICA (FLEURY S.A)";"201404";34039;260810,4;31243;239580,84;21229,56;NA;-0,112579867134997
"130";832783;"A+ MEDICINA DIAGNOSTICA (FLEURY S.A)";"201405";32754;256926,3;35762;278331,72;-21405,42;NA;0,0385613879331718
"131";832783;"A+ MEDICINA DIAGNOSTICA (FLEURY S.A)";"201406";23975;186708,6;24037;185966,82;741,779999999999;NA;0,189263094287167
"132";832783;"A+ MEDICINA DIAGNOSTICA (FLEURY S.A)";"201407";33941;254672,16;38679;292087,92;-37415,76;NA;0,136605093470868
"133";832783;"A+ MEDICINA DIAGNOSTICA (FLEURY S.A)";"201408";91522;728434,78;41550;374703,18;353731,6;NA;-0,270783179362783
"134";832783;"A+ MEDICINA DIAGNOSTICA (FLEURY S.A)";"201409";50920;464179,42;37264;344282,8;119896,62;NA;-0,294127444236475
"135";832783;"A+ MEDICINA DIAGNOSTICA (FLEURY S.A)";"201410";0;0;41743;381783;-381783;NA;0,097700329072888
"136";832783;"A+ MEDICINA DIAGNOSTICA (FLEURY S.A)";"201411";75430;693003,88;38867;358225,2;334778,68;NA;0,423958508424691
"137";832783;"A+ MEDICINA DIAGNOSTICA (FLEURY S.A)";"201412";29699;275609;24675;229898,2;45710,8;NA;0,0993212952692918
"138";832783;"A+ MEDICINA DIAGNOSTICA (FLEURY S.A)";"201501";34647;319127,6;40190;369759,8;-50632,2;NA;-0,132689790752369
"139";832783;"A+ MEDICINA DIAGNOSTICA (FLEURY S.A)";"201502";22089;202982;30249;276479,4;-73497,4;NA;-0,102030962881165
"140";832783;"A+ MEDICINA DIAGNOSTICA (FLEURY S.A)";"201503";50906;465231,8;46675;427192,8;38039;NA;-0,233967535653853
"141";832783;"A+ MEDICINA DIAGNOSTICA (FLEURY S.A)";"201504";42678;393085,6;37376;346022,6;47063;NA;0,020665698036017
"142";832783;"A+ MEDICINA DIAGNOSTICA (FLEURY S.A)";"201505";39448;372752;40636;385673,6;-12921,6;NA;-0,458710510200686
"143";832783;"A+ MEDICINA DIAGNOSTICA (FLEURY S.A)";"201506";33481;319223,4;33471;316330,8;2892,60000000003;NA;0,112755230665555
"144";832783;"A+ MEDICINA DIAGNOSTICA (FLEURY S.A)";"201507";49137;453796,4;47546;438925,6;14870,8;NA;-0,0470599851394996
"145";832783;"A+ MEDICINA DIAGNOSTICA (FLEURY S.A)";"201508";43765;409574,6;47447;447552,4;-37977,8;NA;0,0792191517147049
"146";832783;"A+ MEDICINA DIAGNOSTICA (FLEURY S.A)";"201509";42108;402375;44558;423839,4;-21464,4;NA;-0,116202168540482
"147";832783;"A+ MEDICINA DIAGNOSTICA (FLEURY S.A)";"201510";35209;328298,8;43332;413081,8;-84783;NA;-0,412847478322812
"148";832783;"A+ MEDICINA DIAGNOSTICA (FLEURY S.A)";"201511";35391;333497;39926;380383,4;-46886,4;NA;-0,229872156959708
"149";832783;"A+ MEDICINA DIAGNOSTICA (FLEURY S.A)";"201512";36871;360006,8;31501;301858;58148,8;NA;1,36542736788666
"150";832783;"A+ MEDICINA DIAGNOSTICA (FLEURY S.A)";"201601";36815;350784,4;44255;422170,2;-71385,8;NA;-0,871413470619252
"151";832783;"A+ MEDICINA DIAGNOSTICA (FLEURY S.A)";"201602";43413;408761,2;36911;350985,2;57776;NA;-1,10406102985573
"152";832783;"A+ MEDICINA DIAGNOSTICA (FLEURY S.A)";"201603";57184;551835,4;50039;485797,2;66038,2;NA;-0,0932521363637495
"153";832783;"A+ MEDICINA DIAGNOSTICA (FLEURY S.A)";"201604";49061;479509;47322;459354,2;20154,8;NA;0,295095462650265
"154";832783;"A+ MEDICINA DIAGNOSTICA (FLEURY S.A)";"201605";48155;477781,4;44160;434245;43536,4;NA;-0,0402620449942211
"155";832783;"A+ MEDICINA DIAGNOSTICA (FLEURY S.A)";"201606";40856;398661,4;40526;396815,8;1845,60000000003;NA;0,504560359113246
"156";832783;"A+ MEDICINA DIAGNOSTICA (FLEURY S.A)";"201607";45110;427920;51445;498734,4;-70814,4;NA;0,118715967301735
"157";832783;"A+ MEDICINA DIAGNOSTICA (FLEURY S.A)";"201608";53949;533657,8;47434;464599,8;69058,0000000001;NA;0,246704792673021
"158";832783;"A+ MEDICINA DIAGNOSTICA (FLEURY S.A)";"201609";45426;449840,8;44793;443453;6387,79999999999;NA;-0,241415851652115
"159";832783;"A+ MEDICINA DIAGNOSTICA (FLEURY S.A)";"201610";38679;388844,6;43232;432134,4;-43289,8;NA;-0,0577379922751957
"160";832783;"A+ MEDICINA DIAGNOSTICA (FLEURY S.A)";"201611";48173;475516,6;42534;415763,4;59753,2;NA;0,236820151328786
"161";832783;"A+ MEDICINA DIAGNOSTICA (FLEURY S.A)";"201612";30372;297162;35114;344820,8;-47658,8;NA;0,774084587200009
"162";832783;"A+ MEDICINA DIAGNOSTICA (FLEURY S.A)";"201701";42798;410595;49766;483215;-72620;NA;-0,383555166037881
"163";832783;"A+ MEDICINA DIAGNOSTICA (FLEURY S.A)";"201702";39808;388283;33844;330070,6;58212,4;NA;0,612329383670548
"164";832783;"A+ MEDICINA DIAGNOSTICA (FLEURY S.A)";"201703";35825;349433,6;46892;459283,4;-109849,8;NA;-0,158503682640196
"165";832783;"A+ MEDICINA DIAGNOSTICA (FLEURY S.A)";"201704";38054;364491,6;38631;374955,2;-10463,6;NA;-0,507259621171126
"166";832783;"A+ MEDICINA DIAGNOSTICA (FLEURY S.A)";"201705";39923;396952;46469;463323,6;-66371,6;NA;0,722603851382812
"167";832783;"A+ MEDICINA DIAGNOSTICA (FLEURY S.A)";"201706";40134;403980,6;11550;112434,4;291546,2;NA;5,78253634514875
"168";594481;"HOSPITAL PORTUGUES";"201401";576214;11736613,44;573917;12252305,3;-515691,860000001;NA;-0,119997670562584
"169";594481;"HOSPITAL PORTUGUES";"201402";530962;11229513,18;564566;11244498,88;-14985,7000000011;NA;-0,0069803406934449
"170";594481;"HOSPITAL PORTUGUES";"201403";588583;11542888,83;591282;12381112,21;-838223,380000001;NA;-0,505376694057393
"171";594481;"HOSPITAL PORTUGUES";"201404";553955;12334870,51;588307;12698064,64;-363194,130000001;NA;-0,112579867134997
"172";594481;"HOSPITAL PORTUGUES";"201405";673814;14312939,94;604585;13801866,55;511073,389999999;NA;0,0385613879331718
"173";594481;"HOSPITAL PORTUGUES";"201406";496504;11391540,1;569957;12367524,69;-975984,59;NA;0,189263094287167
"174";594481;"HOSPITAL PORTUGUES";"201407";672947;14782310,05;651555;14036793,51;745516,540000001;NA;0,136605093470868
"175";594481;"HOSPITAL PORTUGUES";"201408";672830;14594724,53;615080;14171728,73;422995,799999999;NA;-0,270783179362783
"176";594481;"HOSPITAL PORTUGUES";"201409";628390;14088414,68;693959;15004604,88;-916190,200000001;NA;-0,294127444236475
"177";594481;"HOSPITAL PORTUGUES";"201410";771281;16401343,09;700767;15115266,59;1286076,5;NA;0,097700329072888
"178";594481;"HOSPITAL PORTUGUES";"201411";603180;13191252,38;604728;12908952,25;282300,130000001;NA;0,423958508424691
"179";594481;"HOSPITAL PORTUGUES";"201412";619474;12936510,02;581960;11857513,84;1078996,18;NA;0,0993212952692918
"180";594481;"HOSPITAL PORTUGUES";"201501";486708;11021318,82;587107;12119970,05;-1098651,23;NA;-0,132689790752369
"181";594481;"HOSPITAL PORTUGUES";"201502";491315;9675558,6;566098;11293204,85;-1617646,25;NA;-0,102030962881165
"182";594481;"HOSPITAL PORTUGUES";"201503";739114;15103277,54;662702;14459688,7;643588,84;NA;-0,233967535653853
"183";594481;"HOSPITAL PORTUGUES";"201504";635750;13457289,38;620802;13722282,3;-264992,92;NA;0,020665698036017
"184";594481;"HOSPITAL PORTUGUES";"201505";630038;13621690,51;658014;13550892,9;70797,6099999994;NA;-0,458710510200686
"185";594481;"HOSPITAL PORTUGUES";"201506";615523;13457039,85;622118;12722275,62;734764,23;NA;0,112755230665555
"186";594481;"HOSPITAL PORTUGUES";"201507";742133;14358708,77;661645;13997779,98;360928,789999999;NA;-0,0470599851394996
"187";594481;"HOSPITAL PORTUGUES";"201508";650083;13500097,5;648834;13229932,69;270164,810000001;NA;0,0792191517147049
"188";594481;"HOSPITAL PORTUGUES";"201509";595246;12907961,38;592600;12728439,95;179521,430000002;NA;-0,116202168540482
"189";594481;"HOSPITAL PORTUGUES";"201510";622290;13034651,05;568194;12668722,01;365929,040000001;NA;-0,412847478322812
"190";594481;"HOSPITAL PORTUGUES";"201511";470856;11102428,82;476715;10808559,8;293869,02;NA;-0,229872156959708
"191";594481;"HOSPITAL PORTUGUES";"201512";488001;10285761,54;433415;10197857,82;87903,7199999988;NA;1,36542736788666
"192";594481;"HOSPITAL PORTUGUES";"201601";126312;3879584,18;432328;10966110,66;-7086526,48;NA;-0,871413470619252
"193";594481;"HOSPITAL PORTUGUES";"201602";280364;7065452,04;450742;10806730,52;-3741278,48;NA;-1,10406102985573
"194";594481;"HOSPITAL PORTUGUES";"201603";591182;15192034,69;480801;12209860,32;2982174,37;NA;-0,0932521363637495
"195";594481;"HOSPITAL PORTUGUES";"201604";612653;14307758,21;430253;10386184,54;3921573,67;NA;0,295095462650265
"196";594481;"HOSPITAL PORTUGUES";"201605";462721;12015395,21;477250;12631983,18;-616587,969999999;NA;-0,0402620449942211
"197";594481;"HOSPITAL PORTUGUES";"201606";491875;12766950,56;437959;11586988,71;1179961,85;NA;0,504560359113246
"198";594481;"HOSPITAL PORTUGUES";"201607";511590;12801779,77;407880;11023130,86;1778648,91;NA;0,118715967301735
"199";594481;"HOSPITAL PORTUGUES";"201608";561033;15069575,62;480689;13416750,21;1652825,41;NA;0,246704792673021
"200";594481;"HOSPITAL PORTUGUES";"201609";420105;11769445,79;452301;12034142,98;-264697,190000001;NA;-0,241415851652115
"201";594481;"HOSPITAL PORTUGUES";"201610";499999;12905546,14;420379;11819208,77;1086337,37;NA;-0,0577379922751957
"202";594481;"HOSPITAL PORTUGUES";"201611";393776;11573761,73;417341;11759350,71;-185588,98;NA;0,236820151328786
"203";594481;"HOSPITAL PORTUGUES";"201612";456782;12201784,37;441207;12297749,97;-95965,6000000015;NA;0,774084587200009
"204";594481;"HOSPITAL PORTUGUES";"201701";423146;12368271,94;469796;13302381,16;-934109,220000001;NA;-0,383555166037881
"205";594481;"HOSPITAL PORTUGUES";"201702";406445;11914700,2;396226;11041375,64;873324,559999999;NA;0,612329383670548
"206";594481;"HOSPITAL PORTUGUES";"201703";503466;13987429,63;481028;14075912,52;-88482,8899999987;NA;-0,158503682640196
"207";594481;"HOSPITAL PORTUGUES";"201704";431589;12723128,46;504357;14329283,83;-1606155,37;NA;-0,507259621171126
"208";594481;"HOSPITAL PORTUGUES";"201705";603021;17039964,05;505538;13924503,17;3115460,88;NA;0,722603851382812
"209";594481;"HOSPITAL PORTUGUES";"201706";452778;12783695,29;208799;6541930,11;6241765,18;NA;5,78253634514875
"210";594480;"HOSPITAL SANTA IZABEL";"201401";424257;8618482,54;407038;8672972,35;-54489,8100000005;NA;-0,119997670562584
"211";594480;"HOSPITAL SANTA IZABEL";"201402";370679;7812720,54;368616;7878992,02;-66271,4799999995;NA;-0,0069803406934449
"212";594480;"HOSPITAL SANTA IZABEL";"201403";400752;7868771,97;384488;8073518,63;-204746,66;NA;-0,505376694057393
"213";594480;"HOSPITAL SANTA IZABEL";"201404";360102;7494430,86;539102;8151063,43;-656632,569999999;NA;-0,112579867134997
"214";594480;"HOSPITAL SANTA IZABEL";"201405";553339;8635166,26;560039;9403164,02;-767997,76;NA;0,0385613879331718
"215";594480;"HOSPITAL SANTA IZABEL";"201406";422584;7010177,45;527050;8052862,18;-1042684,73;NA;0,189263094287167
"216";594480;"HOSPITAL SANTA IZABEL";"201407";654984;10653467,42;437486;8994176,71;1659290,71;NA;0,136605093470868
"217";594480;"HOSPITAL SANTA IZABEL";"201408";371994;8064144,45;495069;9754981,07;-1690836,62;NA;-0,270783179362783
"218";594480;"HOSPITAL SANTA IZABEL";"201409";429748;8320377,59;514817;10701810,52;-2381432,93;NA;-0,294127444236475
"219";594480;"HOSPITAL SANTA IZABEL";"201410";569571;11193945,51;549415;10804246,87;389698,640000001;NA;0,097700329072888
"220";594480;"HOSPITAL SANTA IZABEL";"201411";518210;11003273,47;529129;10028502,69;974770,780000001;NA;0,423958508424691
"221";594480;"HOSPITAL SANTA IZABEL";"201412";469913;8483310,65;488492;9381557,32;-898246,67;NA;0,0993212952692918
"222";594480;"HOSPITAL SANTA IZABEL";"201501";610124;12486261,91;847627;10174998,82;2311263,09;NA;-0,132689790752369
"223";594480;"HOSPITAL SANTA IZABEL";"201502";762088;8406041,42;1007404;8909913,81;-503872,390000001;NA;-0,102030962881165
"224";594480;"HOSPITAL SANTA IZABEL";"201503";1466711;10670277,32;1845166;10721897,64;-51620,3200000003;NA;-0,233967535653853
"225";594480;"HOSPITAL SANTA IZABEL";"201504";1859382;12167757,88;1528578;9402387,35;2765370,53;NA;0,020665698036017
"226";594480;"HOSPITAL SANTA IZABEL";"201505";1628786;8587951,11;2100937;11189897,34;-2601946,23;NA;-0,458710510200686
"227";594480;"HOSPITAL SANTA IZABEL";"201506";1909289;10982446,43;1832900;10612486,5;369959,93;NA;0,112755230665555
"228";594480;"HOSPITAL SANTA IZABEL";"201507";2073734;11745284,61;2078688;12394630,99;-649346,380000001;NA;-0,0470599851394996
"229";594480;"HOSPITAL SANTA IZABEL";"201508";2202149;13022849,12;2331844;12247170,48;775678,639999999;NA;0,0792191517147049
"230";594480;"HOSPITAL SANTA IZABEL";"201509";2420525;11842323,23;2259222;11275800,87;566522,360000001;NA;-0,116202168540482
"231";594480;"HOSPITAL SANTA IZABEL";"201510";2090215;10116644,26;2522325;11743984,52;-1627340,26;NA;-0,412847478322812
"232";594480;"HOSPITAL SANTA IZABEL";"201511";2130418;10262803,76;1916556;10970255,79;-707452,029999999;NA;-0,229872156959708
"233";594480;"HOSPITAL SANTA IZABEL";"201512";2069923;11558086,19;1871966;9495209,98;2062876,21;NA;1,36542736788666
"234";594480;"HOSPITAL SANTA IZABEL";"201601";2223664;12066690,47;1513130;9673593,29;2393097,18;NA;-0,871413470619252
"235";594480;"HOSPITAL SANTA IZABEL";"201602";704054;3954570,84;1460520;8418820,05;-4464249,21;NA;-1,10406102985573
"236";594480;"HOSPITAL SANTA IZABEL";"201603";729524;6411048,65;1330870;9796714,08;-3385665,43;NA;-0,0932521363637495
"237";594480;"HOSPITAL SANTA IZABEL";"201604";1848390;10895642,28;1485201;10186571,62;709070,66;NA;0,295095462650265
"238";594480;"HOSPITAL SANTA IZABEL";"201605";1686204;11277299,28;1452856;11701847,45;-424548,17;NA;-0,0402620449942211
"239";594480;"HOSPITAL SANTA IZABEL";"201606";1152725;9770379,95;1118981;10446189,92;-675809,970000001;NA;0,504560359113246
"240";594480;"HOSPITAL SANTA IZABEL";"201607";1645820;13146606,3;1432163;11209558,04;1937048,26;NA;0,118715967301735
"241";594480;"HOSPITAL SANTA IZABEL";"201608";1499836;13375117,92;1458927;12153541,41;1221576,51;NA;0,246704792673021
"242";594480;"HOSPITAL SANTA IZABEL";"201609";1196356;10382240,72;1733094;12835875,93;-2453635,21;NA;-0,241415851652115
"243";594480;"HOSPITAL SANTA IZABEL";"201610";1562307;11495756,06;1955743;11470657,28;25098,7800000012;NA;-0,0577379922751957
"244";594480;"HOSPITAL SANTA IZABEL";"201611";2158943;12728894,21;1453568;11251948,94;1476945,27;NA;0,236820151328786
"245";594480;"HOSPITAL SANTA IZABEL";"201612";1528562;11629799,48;1591073;10863788,35;766011,130000001;NA;0,774084587200009
"246";594480;"HOSPITAL SANTA IZABEL";"201701";1999075;13924316,71;1810288;12354153,77;1570162,94;NA;-0,383555166037881
"247";594480;"HOSPITAL SANTA IZABEL";"201702";1301905;9746112,72;1371344;9600477,61;145635,110000001;NA;0,612329383670548
"248";594480;"HOSPITAL SANTA IZABEL";"201703";2052521;13446844,73;2129855;13336393,57;110451,16;NA;-0,158503682640196
"249";594480;"HOSPITAL SANTA IZABEL";"201704";1461799;10498472,59;2177676;12749116,36;-2250643,77;NA;-0,507259621171126
"250";594480;"HOSPITAL SANTA IZABEL";"201705";2546747;15354614,43;1821642;13084077,35;2270537,08;NA;0,722603851382812
"251";594480;"HOSPITAL SANTA IZABEL";"201706";1701781;12338473,92;257666;4516912,16;7821561,76;NA;5,78253634514875
"252";594322;"HOSPITAL SANTA LUZIA";"201401";2170;345136,87;1795;328675,28;16461,59;NA;-0,119997670562584
"253";594322;"HOSPITAL SANTA LUZIA";"201402";1938;329107,8;1919;340425,26;-11317,46;NA;-0,0069803406934449
"254";594322;"HOSPITAL SANTA LUZIA";"201403";1334;317433,29;2379;355046,87;-37613,58;NA;-0,505376694057393
"255";594322;"HOSPITAL SANTA LUZIA";"201404";3227;374005,01;1973;358249,2;15755,81;NA;-0,112579867134997
"256";594322;"HOSPITAL SANTA LUZIA";"201405";2075;369003,79;2287;398449,36;-29445,57;NA;0,0385613879331718
"257";594322;"HOSPITAL SANTA LUZIA";"201406";1760;360924,93;2056;311833,17;49091,76;NA;0,189263094287167
"258";594322;"HOSPITAL SANTA LUZIA";"201407";2138;371753,1;2826;493705,08;-121951,98;NA;0,136605093470868
"259";594322;"HOSPITAL SANTA LUZIA";"201408";2038;360991,48;2314;336522,75;24468,73;NA;-0,270783179362783
"260";594322;"HOSPITAL SANTA LUZIA";"201409";1802;343857,27;2501;466147,29;-122290,02;NA;-0,294127444236475
"261";594322;"HOSPITAL SANTA LUZIA";"201410";2467;347719,32;2771;447943,53;-100224,21;NA;0,097700329072888
"262";594322;"HOSPITAL SANTA LUZIA";"201411";1300;351837,33;2749;502635,76;-150798,43;NA;0,423958508424691
"263";594322;"HOSPITAL SANTA LUZIA";"201412";2434;335566,99;2106;451553,39;-115986,4;NA;0,0993212952692918
"264";594322;"HOSPITAL SANTA LUZIA";"201501";1695;378894,73;2667;400700,61;-21805,88;NA;-0,132689790752369
"265";937819;"HOSPITAL SANTA LUZIA";"201501";0;0;307;17422,02;-17422,02;NA;-0,132689790752369
"266";594322;"HOSPITAL SANTA LUZIA";"201502";2150;331451,34;2066;322730,69;8720,65000000002;NA;-0,102030962881165
"267";594322;"HOSPITAL SANTA LUZIA";"201503";2231;362439,58;2747;485681,05;-123241,47;NA;-0,233967535653853
"268";594322;"HOSPITAL SANTA LUZIA";"201504";1936;355827,24;2176;385719,74;-29892,5;NA;0,020665698036017
"269";594322;"HOSPITAL SANTA LUZIA";"201505";1613;318571,69;2441;503615,29;-185043,6;NA;-0,458710510200686
"270";594322;"HOSPITAL SANTA LUZIA";"201506";3894;408425,85;2188;380398,82;28027,03;NA;0,112755230665555
"271";594322;"HOSPITAL SANTA LUZIA";"201507";2092;403799,61;3099;499075,71;-95276,1;NA;-0,0470599851394996
"272";594322;"HOSPITAL SANTA LUZIA";"201508";2475;413003,04;3155;463800,79;-50797,75;NA;0,0792191517147049
"273";594322;"HOSPITAL SANTA LUZIA";"201509";2554;443338,45;2900;431446,04;11892,41;NA;-0,116202168540482
"274";594322;"HOSPITAL SANTA LUZIA";"201510";1940;378558,35;3258;502424,76;-123866,41;NA;-0,412847478322812
"275";937819;"HOSPITAL SANTA LUZIA";"201510";307;17422,02;0;0;17422,02;NA;-0,412847478322812
"276";594322;"HOSPITAL SANTA LUZIA";"201511";2354;405741,36;2996;428549,33;-22807,97;NA;-0,229872156959708
"277";594322;"HOSPITAL SANTA LUZIA";"201512";1700;399078,69;2290;363338,59;35740,1;NA;1,36542736788666
"278";594322;"HOSPITAL SANTA LUZIA";"201601";3103;402046,89;2470;398948,58;3098,31;NA;-0,871413470619252
"279";594322;"HOSPITAL SANTA LUZIA";"201602";2759;409617,21;2480;284535,74;125081,47;NA;-1,10406102985573
"280";594322;"HOSPITAL SANTA LUZIA";"201603";3274;432680,49;2922;445680,13;-12999,64;NA;-0,0932521363637495
"281";594322;"HOSPITAL SANTA LUZIA";"201604";2467;520758,31;2848;412840,9;107917,41;NA;0,295095462650265
"282";594322;"HOSPITAL SANTA LUZIA";"201605";2128;428521,71;2883;431426,08;-2904,37;NA;-0,0402620449942211
"283";594322;"HOSPITAL SANTA LUZIA";"201606";4067;532577,37;2777;402461,43;130115,94;NA;0,504560359113246
"284";594322;"HOSPITAL SANTA LUZIA";"201607";2108;540015,91;2884;479248,1;60767,8100000001;NA;0,118715967301735
"285";594322;"HOSPITAL SANTA LUZIA";"201608";4038;527560,52;3125;547678,62;-20118,1;NA;0,246704792673021
"286";594322;"HOSPITAL SANTA LUZIA";"201609";4317;519221,47;2664;427852,49;91368,98;NA;-0,241415851652115
"287";594322;"HOSPITAL SANTA LUZIA";"201610";3097;569516,85;2921;422219,36;147297,49;NA;-0,0577379922751957
"288";594322;"HOSPITAL SANTA LUZIA";"201611";2988;531165,21;3155;541110,38;-9945,17000000004;NA;0,236820151328786
"289";594322;"HOSPITAL SANTA LUZIA";"201612";2285;486862,39;2382;327607,84;159254,55;NA;0,774084587200009
"290";594322;"HOSPITAL SANTA LUZIA";"201701";3306;604218,03;2694;454330,84;149887,19;NA;-0,383555166037881
"291";594322;"HOSPITAL SANTA LUZIA";"201702";3375;554364,22;2239;293120,98;261243,24;NA;0,612329383670548
"292";594322;"HOSPITAL SANTA LUZIA";"201703";2779;433953,93;1920;424974,41;8979,52000000002;NA;-0,158503682640196
"293";594322;"HOSPITAL SANTA LUZIA";"201704";3305;387058,1;1354;318087,59;68970,51;NA;-0,507259621171126
"294";594322;"HOSPITAL SANTA LUZIA";"201705";1715;376859,58;1322;267425,01;109434,57;NA;0,722603851382812
"295";594322;"HOSPITAL SANTA LUZIA";"201706";2104;445777,01;41;225,5;445551,51;NA;5,78253634514875
"296";779689;"HBA - HOSPITAL DA BAHIA";"201401";288781;4895642,76;334160;4993815,81;-98173,0499999998;NA;-0,119997670562584
"297";779689;"HBA - HOSPITAL DA BAHIA";"201402";300409;4831853,71;267788;4703365,24;128488,47;NA;-0,0069803406934449
"298";779689;"HBA - HOSPITAL DA BAHIA";"201403";264536;4493295,8;296216;5150783,13;-657487,33;NA;-0,505376694057393
"299";779689;"HBA - HOSPITAL DA BAHIA";"201404";257750;4476801,77;301514;5068166,2;-591364,430000001;NA;-0,112579867134997
"300";779689;"HBA - HOSPITAL DA BAHIA";"201405";344574;5675942,38;294637;5304283,46;371658,92;NA;0,0385613879331718
"301";779689;"HBA - HOSPITAL DA BAHIA";"201406";286018;4801906,44;333738;4839801,48;-37895,04;NA;0,189263094287167
"302";779689;"HBA - HOSPITAL DA BAHIA";"201407";363744;5493205,99;391877;5483678,09;9527,90000000037;NA;0,136605093470868
"303";779689;"HBA - HOSPITAL DA BAHIA";"201408";445676;6393238,19;456023;6069584,29;323653,9;NA;-0,270783179362783
"304";779689;"HBA - HOSPITAL DA BAHIA";"201409";453523;6354725,6;487246;7305517,19;-950791,590000001;NA;-0,294127444236475
"305";779689;"HBA - HOSPITAL DA BAHIA";"201410";452081;6758702,54;495523;7187102,77;-428400,23;NA;0,097700329072888
"306";779689;"HBA - HOSPITAL DA BAHIA";"201411";364015;6052982,63;460149;6124451,52;-71468,8899999997;NA;0,423958508424691
"307";779689;"HBA - HOSPITAL DA BAHIA";"201412";505363;5861326,74;462340;6585749,44;-724422,7;NA;0,0993212952692918
"308";779689;"HBA - HOSPITAL DA BAHIA";"201501";489619;7346527,3;461978;7247377,79;99149,5099999998;NA;-0,132689790752369
"309";779689;"HBA - HOSPITAL DA BAHIA";"201502";438354;6182390,57;412655;6676382,72;-493992,149999999;NA;-0,102030962881165
"310";779689;"HBA - HOSPITAL DA BAHIA";"201503";549007;8723256,95;510897;8031276,03;691980,919999999;NA;-0,233967535653853
"311";779689;"HBA - HOSPITAL DA BAHIA";"201504";446674;7324004,93;533856;7510083,31;-186078,38;NA;0,020665698036017
"312";779689;"HBA - HOSPITAL DA BAHIA";"201505";530313;7966428,76;578993;8743154,28;-776725,52;NA;-0,458710510200686
"313";779689;"HBA - HOSPITAL DA BAHIA";"201506";435664;7124495,51;643536;8775131,05;-1650635,54;NA;0,112755230665555
"314";779689;"HBA - HOSPITAL DA BAHIA";"201507";755981;10139551,93;614203;9173781,74;965770,189999999;NA;-0,0470599851394996
"315";779689;"HBA - HOSPITAL DA BAHIA";"201508";555974;8925362,36;450340;8580695,63;344666,729999999;NA;0,0792191517147049
"316";779689;"HBA - HOSPITAL DA BAHIA";"201509";575970;9200422,96;551897;8942847,77;257575,190000001;NA;-0,116202168540482
"317";779689;"HBA - HOSPITAL DA BAHIA";"201510";547510;8309712,96;572497;8869978,55;-560265,590000001;NA;-0,412847478322812
"318";779689;"HBA - HOSPITAL DA BAHIA";"201511";466855;8653463,56;558030;9617488,19;-964024,629999999;NA;-0,229872156959708
"319";779689;"HBA - HOSPITAL DA BAHIA";"201512";601424;9643890,61;518525;8591837,76;1052052,85;NA;1,36542736788666
"320";779689;"HBA - HOSPITAL DA BAHIA";"201601";449589;7989859,94;574451;9244560,26;-1254700,32;NA;-0,871413470619252
"321";779689;"HBA - HOSPITAL DA BAHIA";"201602";528979;7585823,88;629377;8850394,22;-1264570,34;NA;-1,10406102985573
"322";779689;"HBA - HOSPITAL DA BAHIA";"201603";677753;9601412,33;666647;9925505,52;-324093,189999999;NA;-0,0932521363637495
"323";779689;"HBA - HOSPITAL DA BAHIA";"201604";525166;8430592,14;628638;9496306,97;-1065714,83;NA;0,295095462650265
"324";779689;"HBA - HOSPITAL DA BAHIA";"201605";659769;9976830,16;555778;9018698,52;958131,640000001;NA;-0,0402620449942211
"325";779689;"HBA - HOSPITAL DA BAHIA";"201606";631182;9786800,75;535411;9122655,21;664145,539999999;NA;0,504560359113246
"326";779689;"HBA - HOSPITAL DA BAHIA";"201607";642143;10551390,55;609140;10489329,84;62060,7100000009;NA;0,118715967301735
"327";779689;"HBA - HOSPITAL DA BAHIA";"201608";579750;10213672,11;607919;10039741,26;173930,85;NA;0,246704792673021
"328";779689;"HBA - HOSPITAL DA BAHIA";"201609";546242;8812064,56;573129;8963214,62;-151150,059999999;NA;-0,241415851652115
"329";779689;"HBA - HOSPITAL DA BAHIA";"201610";594702;9419681,29;479340;8465197,37;954483,92;NA;-0,0577379922751957
"330";779689;"HBA - HOSPITAL DA BAHIA";"201611";479688;7985269,23;430285;7848890,47;136378,760000001;NA;0,236820151328786
"331";779689;"HBA - HOSPITAL DA BAHIA";"201612";464052;8740181,79;461066;7882023,95;858157,839999999;NA;0,774084587200009
"332";779689;"HBA - HOSPITAL DA BAHIA";"201701";463428;8149460,84;483322;8951973,27;-802512,43;NA;-0,383555166037881
"333";779689;"HBA - HOSPITAL DA BAHIA";"201702";482895;9108348,38;458689;8326259,48;782088,9;NA;0,612329383670548
"334";779689;"HBA - HOSPITAL DA BAHIA";"201703";596360;10518345,26;453496;8939362,47;1578982,79;NA;-0,158503682640196
"335";779689;"HBA - HOSPITAL DA BAHIA";"201704";325225;7107493,74;481631;8868178,19;-1760684,45;NA;-0,507259621171126
"336";779689;"HBA - HOSPITAL DA BAHIA";"201705";557184;10250443,28;459936;9042075,83;1208367,45;NA;0,722603851382812
"337";779689;"HBA - HOSPITAL DA BAHIA";"201706";516112;9558557,82;163479;3170443,68;6388114,14;NA;5,78253634514875
"338";896961;"SIM CLINICAS";"201411";1440;39552,5;1759;45836,85;-6284,35;NA;0,423958508424691
"339";896961;"SIM CLINICAS";"201412";1280;37522,63;1882;60998,3;-23475,67;NA;0,0993212952692918
"340";896961;"SIM CLINICAS";"201501";4958;154435,65;5926;188100,85;-33665,2;NA;-0,132689790752369
"341";896961;"SIM CLINICAS";"201502";5466;174916,69;4751;153841,68;21075,01;NA;-0,102030962881165
"342";896961;"SIM CLINICAS";"201503";8304;276120,36;8307;291121,59;-15001,23;NA;-0,233967535653853
"343";896961;"SIM CLINICAS";"201504";6588;223880,71;6541;221287,19;2593,51999999999;NA;0,020665698036017
"344";896961;"SIM CLINICAS";"201505";6452;235754,47;7205;280920,12;-45165,65;NA;-0,458710510200686
"345";896961;"SIM CLINICAS";"201506";7626;324304,46;6704;262892,23;61412,23;NA;0,112755230665555
"346";896961;"SIM CLINICAS";"201507";9064;325201,4;9768;353477,18;-28275,78;NA;-0,0470599851394996
"347";896961;"SIM CLINICAS";"201508";10393;341080,81;10859;373677,96;-32597,15;NA;0,0792191517147049
"348";896961;"SIM CLINICAS";"201509";13050;428156,38;12532;406960,6;21195,78;NA;-0,116202168540482
"349";896961;"SIM CLINICAS";"201510";11129;403404,88;11803;419572,22;-16167,34;NA;-0,412847478322812
"350";896961;"SIM CLINICAS";"201511";12503;440987,55;12721;457949,44;-16961,89;NA;-0,229872156959708
"351";896961;"SIM CLINICAS";"201512";12130;453679,96;10900;397505,03;56174,93;NA;1,36542736788666
"352";896961;"SIM CLINICAS";"201601";14021;446927,63;14919;480310,05;-33382,42;NA;-0,871413470619252
"353";896961;"SIM CLINICAS";"201602";12408;403486,74;11796;388183,37;15303,37;NA;-1,10406102985573
"354";896961;"SIM CLINICAS";"201603";15934;557106,05;15294;525064,9;32041,15;NA;-0,0932521363637495
"355";896961;"SIM CLINICAS";"201604";14754;514133,32;15439;562954,71;-48821,39;NA;0,295095462650265
"356";896961;"SIM CLINICAS";"201605";16930;627612,02;16187;611657,01;15955,01;NA;-0,0402620449942211
"357";896961;"SIM CLINICAS";"201606";12432;504118,47;13080;494916,22;9202,25;NA;0,504560359113246
"358";896961;"SIM CLINICAS";"201607";13523;550219,02;15785;582548,61;-32329,59;NA;0,118715967301735
"359";896961;"SIM CLINICAS";"201608";20360;725483,29;17011;656278,91;69204,38;NA;0,246704792673021
"360";896961;"SIM CLINICAS";"201609";15249;573708;15625;584619,43;-10911,4300000001;NA;-0,241415851652115
"361";896961;"SIM CLINICAS";"201610";16660;620562,63;16284;613084,03;7478,59999999998;NA;-0,0577379922751957
"362";896961;"SIM CLINICAS";"201611";15828;596355,57;15684;590288,14;6067,42999999993;NA;0,236820151328786
"363";896961;"SIM CLINICAS";"201612";14066;532575,81;14250;529165,4;3410,41000000003;NA;0,774084587200009
"364";896961;"SIM CLINICAS";"201701";17169;651757,28;17686;668436,41;-16679,13;NA;-0,383555166037881
"365";896961;"SIM CLINICAS";"201702";15429;598320,88;15030;584162,37;14158,51;NA;0,612329383670548
"366";896961;"SIM CLINICAS";"201703";21256;791313,22;22004;812248,8;-20935,5800000001;NA;-0,158503682640196
"367";896961;"SIM CLINICAS";"201704";17609;638346,86;17794;660928,32;-22581,46;NA;-0,507259621171126
"368";896961;"SIM CLINICAS";"201705";12940;535818,7;16466;654026,14;-118207,44;NA;0,722603851382812
"369";896961;"SIM CLINICAS";"201706";13960;546647,59;8919;360477,47;186170,12;NA;5,78253634514875
